ticker,date,title,description,url,source
SBIN,"Fri, 09 Jan 2026 08:00:00 GMT",State Bank of India sets up Global Capability Centre in Bengaluru - The Hindu,State Bank of India sets up Global Capability Centre in Bengaluru  The Hindu,https://news.google.com/rss/articles/CBMizAFBVV95cUxNZ2VVQmJyOGRsQjgtTzdzaEdHRjFWcHpfUnQ4VE1sZjFFWlY3SGltOHg2YzZaaXByNmtqdDJjNUZ0Ylp2NUNYN290SVNjOXFuYlBlb2dJb21VQ0ZSQnBKRWZfZjZwRU5iRVFlSWpuWnVwT3BxaEk2Rk8zRkFiTkhpX2hhNFhXTFB6VTUtcVRiNUJUWEh0NkdMUzVBY1VSZzZLUFNiam16UGtnc3JKVV80UzdxSzRJVXJhV1ZVQ05oY0UwdDVDVEMwZXV5RXPSAdMBQVVfeXFMTlVhb0ZJS3lRTEtyOWRnaE5CRWZKUm14Rkp4ZVIzbVdSRldvS0lCYjVQRmsyQWRrZkZETnljdVZ6WnhVc3NQbmFEcHR6NDhGN1NHS3hkTHNsN2NsQnNQS0JfUDliUXZQdi1zOXppbWNtM2QyZlJrbThKdlp3c0Ruc0hWNlhZR3NkNXBuT2VKbWx3WmRZXzBmQVhoRFQtLVVNcndwUmtBeHg4THQ4LXJ0ajVDUEZvSlYtUE16aWtDMzljT1VVVG5BTHgwUGNDbUQyT0FBUQ?oc=5&hl=en-US&gl=US&ceid=US:en,The Hindu
SBIN,"Wed, 28 Jan 2026 11:40:09 GMT",State Bank of India Raises USD 250 Million Through 12-Month Senior Unsecured Bond Issuance - scanx.trade,State Bank of India Raises USD 250 Million Through 12-Month Senior Unsecured Bond Issuance  scanx.trade,https://news.google.com/rss/articles/CBMi6wFBVV95cUxPalNZcjRwMTAwUFVCRnBQT2dtczF0b2k2QlFoWE9EU2VQWUFpRU0wSEVYOXd6TF9ybnRsNTJXYnBDQVpZYkR6dlVwczNJYlk0YmFvNmo1X0hWMi1pZW1IRi1vMVU2NkxKVlJ2ckVTT3plNk1JV3RwcndlQkhhUS04VVRjWWl6YWZna0tqX3JYNjltdHhmOTQxYlZScGtBOTgxc1ZPRXNxVDFULUZKQ2lnMkpZUEdKTnhzLUFCUWQ4WDQ3TDgtdWNNTHpnZG91b29scWJmQU9UakQtaUx4aUtsa2J5QVFuTTdDcV9n?oc=5&hl=en-US&gl=US&ceid=US:en,scanx.trade
SBIN,"Thu, 15 Jan 2026 08:00:00 GMT","SBI Bank Employees Allegedly Defraud Colleague of Retirement Funds, Rs 2 Crore Misappropriated - The420.in","SBI Bank Employees Allegedly Defraud Colleague of Retirement Funds, Rs 2 Crore Misappropriated  The420.in",https://news.google.com/rss/articles/CBMiggFBVV95cUxNS1psZlRRMHpzZnpHYXhuU2EtZUlsdTZrVzlJcXlPb2dOR0FDRkhFUXlhamU1S0hxdXBIUW1tTnphWDBoanZnMjZoWVVuSEgtTk9jN0FYeGZpeEdMeFNmdEdFc1hiSWdFUWhoYUFYNHRGUUJQTHVvNVBHMWZPRmt2RVdR?oc=5&hl=en-US&gl=US&ceid=US:en,The420.in
SBIN,"Mon, 19 Jan 2026 08:00:00 GMT",SBI Share Price Highlights: SBI Stock Price History - The Economic Times,SBI Share Price Highlights: SBI Stock Price History  The Economic Times,https://news.google.com/rss/articles/CBMiswFBVV95cUxOdHlMSTNzZURRcGRHeTVzaWhkQ0NHLWxMUVJWLUNXZ05MaXNSbElEZGFmVW5mT3cwODVydHdqS05FODhIZ0Y2U0hvRGpKZTVlZF9tbjlKLU1Dbk5VcV9yV1dvRVpBOUoxQzdYWURNSkM2UThSeU11NkR1MVhYWkNYUHBqcEJlS1RHWEhId0F2UkhTNGhuZnF1dzUxVi1kNXdiUVpYMF9LbFNaQk4xdDN6OVRHZ9IBuAFBVV95cUxPZlhaNF9hWkRkcEJVX29TZS1PQ3FLd3Y4RkJnY203ajFaaDRuR2R0RWVwdlAteVFya203cXB6RWVYbkJTMmZpbVYwVzZLc0JVMGhWU3NQbGRQcnphOHlfRTNxUEY0TGdmdldpcDRDZkN5aUNMTEpCUjRrX1o5aXNCOFUycDI4WjlZbjE0b01Gc2trdy1NNDFiWE14ZDhtSm83U1Z1OWFlZ0p3VENxbGlvY0NqWHludlhU?oc=5&hl=en-US&gl=US&ceid=US:en,The Economic Times
SBIN,"Mon, 12 Jan 2026 08:00:00 GMT",State Bank of India (SBI) shares surge to record high; check key details here - Upstox,State Bank of India (SBI) shares surge to record high; check key details here  Upstox,https://news.google.com/rss/articles/CBMizgFBVV95cUxQRjJtemZZSnhQb19tdHh5RHVkVnkyU19qcVREMDlNTk0wa0FZc2F0czYxOWZFYmtWUzlHLUg1YW52ZFpwTkVIeVdiNnZIOWtWMXI4T19DUEZPeUE4RE1NUi1tbHV6M1BTbVl6WVMwaVBLTTFTU2JYUmRBdmpTdHEzWXh2b1MzTlFZbzU4RkIxMTdjNmFtMXhvRTlIa1pxSUExWG9JbzMxZzdNeG11REFnQWJRUG1QQ2NsVmR3aTVCbnc3Mngwd1d1VXRKYi1fQQ?oc=5&hl=en-US&gl=US&ceid=US:en,Upstox
SBIN,"Wed, 21 Jan 2026 13:56:14 GMT",State Bank of India Q3 results to be declared on February 7 - CNBC TV18,State Bank of India Q3 results to be declared on February 7  CNBC TV18,https://news.google.com/rss/articles/CBMirwFBVV95cUxNQTlZaDRuRTdESDJBeFdtN29rOVlaNHZ4Z3M1bDVTZUJCaEJoeElyTjJlQzRlbTNhdzdmeGpfUFRFWkVjQXRyLU9ueWVaQzlsTkVHajBmOU1pZ1NxMUgyaWluc3ZiV0tYcTg1dzhqSG9Ha2V4aFVDaE11ckRvYlVuY2dyMW9KSXR4Qm1wdUdnZ3phRWpuVDBNRnlRdjNCTWViaVJTaG1fR1ZCVWU0S0lZ0gG0AUFVX3lxTFB1dHd4VXp1Mmd3VC0wX0RSSFgzWDRMZnNsM214YVJxcFlRY1RpVzdlc3VJOTh1RVlvaUNNNk9mS1pacHEyX29UQTNGelE4UlVwRzF4bi1rUG1NQzhoenVncjNWamVoTGEycDVhNUg0U1Yxek1kTWp1YXMzMWxiS1R2M2REZmhGdlZnNV8td1NUeFY3Mzhob2V2eF92emZuNkg2VjloTEFPTkQ5eEJZeE41OGczQw?oc=5&hl=en-US&gl=US&ceid=US:en,CNBC TV18
SBIN,"Thu, 29 Jan 2026 06:23:49 GMT","SBI CBO recruitment 2026: Apply for 2,050 posts, direct link available here - India Today","SBI CBO recruitment 2026: Apply for 2,050 posts, direct link available here  India Today",https://news.google.com/rss/articles/CBMiwgFBVV95cUxNRFA1cng4SDZMTGtMMlR0RkN5clFvdTk1OW9Obzl6WGNmTGZidEhwMHR0UXVhcmJ6d3ZhcnUyeU1iQ2NnalRNemp0MnB1VHNIQ3VRc1plMllVRThqbmx3OTdBUXdkazdBOTVrQVR1VmFjTk9Fdi1Zay1JYzFWWFFFUURHbWVmRWI3dmVMZk9ZUEdZZlFuX0FRSUotcVhNS0F0UkEwalpqT3FuOTZiVXBOdGVvMFVoNERTdy1oMjQyREJPUQ?oc=5&hl=en-US&gl=US&ceid=US:en,India Today
SBIN,"Mon, 12 Jan 2026 08:00:00 GMT",SBI Hikes ATM Transaction Charges: Here's How Much You Need To Pay Now - NDTV,SBI Hikes ATM Transaction Charges: Here's How Much You Need To Pay Now  NDTV,https://news.google.com/rss/articles/CBMirgFBVV95cUxOUUhCM1FvNXlnR01peUxNZndlQjBPNEZQeERSQW5ibW50NWdVRGRLaFRVNkxnV0NwTGpwZUNYXzlnZ291WWZVaENQRjY1c2doS1VIRGk0Zk9Gc2ZPQ1RDUFNEUVZYM3pXSEtESjFleUJMYXdzdEZ0SFREYXQ4eE1IdUJwSGRlTXZiTzNZQ25jUFBDc01HTlpBS0lhNTV6X3BEMU1BY2tGQWFiVkpZSVHSAbYBQVVfeXFMTTgyWF9qYjZVcDRsRzB2NEE4X0E1Nm1PZ2NSX1p4dUpIWlFPYm1FNFB4UURXUkdkQTJUTDE3eUNCZWxUQ2RFaFRfUDhDM043NGs1dEVTY3lnb04tX0tmWWpVZmJzMUI1NFBxYjZsV0hNandhQTh6UjhJSjJOaTZ0LWpuVUdoNERqOE1JQzkwUUpVYXVoWFFPQWZXYjRrcUFWaGNWZ21vZjZpMHhpMTcyQmhRdFZoTkE?oc=5&hl=en-US&gl=US&ceid=US:en,NDTV
SBIN,"Wed, 28 Jan 2026 13:51:00 GMT","SBI Bank CBO Recruitment 2026 notification released for 2050 posts, apply from tomorrow at sbi.bank.in; d - Times of India","SBI Bank CBO Recruitment 2026 notification released for 2050 posts, apply from tomorrow at sbi.bank.in; d  Times of India",https://news.google.com/rss/articles/CBMimgJBVV95cUxOd2JoZmRLYUZSTTgwTl9mMnVleHNHMUJheDBOVFNTaXRULXhfTXUweHQ1NEpNTTVNTkp0c0xiSlVoQXhjYk00S1QwYUtJXy1OcTJrSF9fcjU5dDA3ZHdoXzcwQnRxc0J6VnpiOFIzSkxOaXJSWXB3SDk4eW5yTDVRY1dzMXZuWnNfRFR3TExYTkwwTTFGUl82a2wxYXVtRFhoaFc2R1VUVnk3d0VxVWdqNXVTMWJwRDZOMXMwWmFpZWQ5X3ZGRFdTVm1XOGI2WnVFM2NSekZYbURNTTdkeDQ0STlScGFmbndITkszQS1yWGE5LUU4MFRpeXltMDY1Q0hQSGptWWYtT0dkQUlzazVKZXBGZ0lfb1ZLalHSAZ8CQVVfeXFMUGdvaVE2MnJGZEVXdHFDU3Iwdy1mQVlDRzZWaHE4d1J3VHd5cGwwNkxXbERUMWhJdDFkYzJnZmx5RnZpazFsbEl6VW9tNDFBdko3alRYMmotZC1jdlFSZ0ZuUldSX1gwdy1jSmFLZHBHcFFfRjlDWUVNdmRnYkdlcDdWeVJhLUtrVDhWLWd2b0ZQX2E0YkI1NXR2WmtETlB5OG9INC1jNWJzN2RHQmZkdmZ5YkZITWhiVTVrbkdxdXhURzhRNGRxMFFMTFVDb2lHSGtvdkF0R2pkNUU4QXZYazBjNXJKb3A5dDZwUXdYLWlLZWNQRlZMaUl2Wml1cktMYnU0WVRubi1JWEVPY0hTazVkSXFPSEo3SHJ4TEczSDg?oc=5&hl=en-US&gl=US&ceid=US:en,Times of India
SBIN,"Tue, 06 Jan 2026 08:00:00 GMT","SBI to Enable Rupee Trade as India, Israel Push FTA Talks - GK Today","SBI to Enable Rupee Trade as India, Israel Push FTA Talks  GK Today",https://news.google.com/rss/articles/CBMihwFBVV95cUxNNDlGRFNNWm13Mm9kWTNsd1FFaGZ2TW41MGZYR2xrYlloWTJ5Zk1idjVGdllEVzBuWjdXb1lNNzBVUjZ1RGp0bnl3Y2dUYzg0UXBZZGd0MnZ5V3RDLXlsV1FMZ0hjcnJFcHkycWV2UW1vaXR6Um5pOWx1ejBjcmpDYU83Mnh5SXM?oc=5&hl=en-US&gl=US&ceid=US:en,GK Today
SBIN,"Mon, 12 Jan 2026 08:00:00 GMT","SBI raises fees on non-SBI ATM withdrawals, balance checks - Here's what customers will pay now - Moneycontrol","SBI raises fees on non-SBI ATM withdrawals, balance checks - Here's what customers will pay now  Moneycontrol",https://news.google.com/rss/articles/CBMi4wFBVV95cUxQVENWUEJFUEFqUHZvNDJLeFI4LTU1UTFnbDVEUTNRZWpYZXdsRjdTRl9HQkloNHBtdml1NG9semhHQXY5T3ZSQUVxWV9TNEFlLWk4Z1ZwU2J0MWlpblZsUmFrUlBESm42VnQ1VXJtMzhSbEJaWWhaSnNFNE1FY1RYMWFtM3RORm94NjZLVGlScEgzS2pVTXFRMVZqNTNEZ2dDMi1QQ0FSbWdmQS1EeDRnUDZJZzU5STliRUtaa0dFZ0hSVU50MjlvOVBfZDJGUm9BcG5KQnlGLXlxTGJNaG1ocFdmONIB6AFBVV95cUxPTWFDeXRLVEtyY2ZyVzA2VkpWajZpWjJLZ2ZFazU2NlVOMWZEZm5JdjZPd1g5Qkx3eEtTX2FNcmFhSzN3Rjc5NUxRU2ZVbXVIbllPWktjT2p2Q1MzSENpOXBmaXVDbGgtbnhrQURnODBZY1k2bUR6cUVzZlJzbHk5REJQWUIwd05XbVVhQ1hmTVdOM3d6bTBhaU9rSVl3emZvRjhkU1B5RFhKUjlOVUxxcmxUTHZUYjZFZXhmcGRna0s2M2RkRWZ1TnRzT2FlUXU2SmhDdnhYWDROQmpHMzUtcmNSSmtWbWtV?oc=5&hl=en-US&gl=US&ceid=US:en,Moneycontrol
SBIN,"Tue, 27 Jan 2026 05:10:44 GMT","SBI up 6% in Jan, pips ICICI Bank in market cap ranking after 6 years - Business Standard","SBI up 6% in Jan, pips ICICI Bank in market cap ranking after 6 years  Business Standard",https://news.google.com/rss/articles/CBMi1wFBVV95cUxOaVVRbWtYLXdEVFB4VlFMVmZseUxLYWVDR2NyT01YSmdkYlBFVjFkbjQteVp2SzlnQ1B2YllmTGlSZzF2SG83d0VUUWI2Mk9ZQm9ycDRyNkVVRHZFejZ1TlFydUhRbUpGUUZHZEVhQ3ZDWHFVM1dvakx4M0V1Y1BBTzBoVEx4SEt6WjhTX3J1NU04Z1Rka01NZ3FnOEEweWRSVHBWblhpUDZyRm1KSmJaeE94YXFQMU1DTEJSTURJZUFmcDE1ZXdEZXVhdnNubHZWYVZNS1JZc9IB3AFBVV95cUxOWVV3azV6X0FoX05rVUVGZ05BcGxNVTlTOUtXZm5LdmhzYnA5eldfOHdJeFRBNV9HbjNtbDk2YzBlWC1CN2o1Yi1CT011X1h6MUcxZHAzb2FnbEJUQ2JmZlN6dmlqSVVYeFg0aHR5a2JVOGpZcS0xVzJadk5aMG9XWTNqVll3RkVYUUN5dWpWdlllc09UQ1Z4bEN4Y3Fyajd4RVBXU1VTdFI2bG52T1RGdTFDMk50YkdIQUtHNzE5aWthV09ET2FiMGtsTXB2RnB1MnJjRk5qUk15X1Zy?oc=5&hl=en-US&gl=US&ceid=US:en,Business Standard
SBIN,"Wed, 28 Jan 2026 04:47:47 GMT",State Bank of India Hits New 52-Week High at Rs.1058.1 - Markets Mojo,State Bank of India Hits New 52-Week High at Rs.1058.1  Markets Mojo,https://news.google.com/rss/articles/CBMirwFBVV95cUxPcTRFbUU4QVRoQWJ3azVGWlhyNENXOUdFNEZqdUJaaFZtRDZhWWgtV0NVVFQ5dlBITjFjdndYZE5hT0xTdmVvVVVUZEJRMnlsZk52RGtFczVCQnZPMGdLTkFRMXp3M0hOVDNaWFBDa2YwS0E5QlBSaVpveHQyREhsNGRETFdXNHhWMHVSczhGNXd2YkdiUldrVTRKYXNUVDA3TUI2TmthdlRWYUwwRzk4?oc=5&hl=en-US&gl=US&ceid=US:en,Markets Mojo
SBIN,"Fri, 09 Jan 2026 08:00:00 GMT",State Bank of India Files SEBI Regulation 74(5) Compliance Certificate for December 2025 Quarter - PSU Connect,State Bank of India Files SEBI Regulation 74(5) Compliance Certificate for December 2025 Quarter  PSU Connect,https://news.google.com/rss/articles/CBMiywFBVV95cUxPMzlDN2VSdnhkMmpZLUtoTGZKTFZ1LUh0UVQzTnhqTE1XM215Qy1BQjZTbFA3dzdzZ2pSVTROdlBaY1dOMXFLU291OWJrLV81eEx2cTFVNGludWhHUVFpeVRkWjA2V3ZHaS13SUVmOWpWSXdJX3BibmtGSkQ3cDR2UC1OQndYQ28tOVk1ZDdBa0lnYnBqaWRNOEpIVWVxalpieWx2SEFRZ0gtdHFQd21mTldLczVKeUhvTGVnX09DMnlhSk5rRzMtd1ZjUQ?oc=5&hl=en-US&gl=US&ceid=US:en,PSU Connect
SBIN,"Wed, 07 Jan 2026 08:00:00 GMT","CMS wins Rs 1,000 crore SBI integrated cash solutions contract for 5,000 ATMs - The Economic Times","CMS wins Rs 1,000 crore SBI integrated cash solutions contract for 5,000 ATMs  The Economic Times",https://news.google.com/rss/articles/CBMi9AFBVV95cUxPd0s4aFdRWWNUNWdzYkJSWWZDWU1Yek54LTlCNDJ0M3A5Q29WZEowd05FaVc1WlZOQ0NXRUNGUldXajFrUjZKaHgxaldhOC04c05Kc2lSR0JNaS1sYW5lRW1IbE9vNFdtSG5GeGNkU2Q1d3kzYmNkTTRoaFhlazl4amtRSjdzY1Nnc1R5N0RacE50c0ZpRktwcURpZS0wYS05bkNub2RlLU1kSnBHVVVVVTh6X1FONU1nNDJhNTJpYjR4NGt0R3dteExCRFI1Y19XakpXemZRVzJmZV8wVHp2RUNGTU1yc3RoNjBpcHdGUjktZmJH0gH6AUFVX3lxTE5KWXJ3bVVmcHl6d2JrQ0VHX0RCVE5IYWNkblZTQnIzb2dSZWxEbW5vMk5IU1ZMOWxBX0dFY2NTcTN4ZHRKbVN3MlFMWGVya1BZdUpmRkhHeEg1bUx6dU0wbzdubnR2a2Y5TmJIUC1SOWNOeDF5N0drSWFJU3BtLVBwQVd2UlU0X0N0dldZQWJkeEU5ZEdOOF9qNXdoVmRGWVp6V3RYczl1Rl9LU1lmdEl2NldpWWNHdU5Tb1h0WVEzWm95eHp5M3JuakdjTmlsejFhUnJYTGx6ODg1Slg0aTMwYTk3UDd6STE5M294T2ZWVmdiVWt5TFVTb0E?oc=5&hl=en-US&gl=US&ceid=US:en,The Economic Times
SBIN,"Tue, 20 Jan 2026 08:00:00 GMT","New SBI IMPS rules 2026: Check revised fees, limits, and exempted accounts - Upstox","New SBI IMPS rules 2026: Check revised fees, limits, and exempted accounts  Upstox",https://news.google.com/rss/articles/CBMihgJBVV95cUxOdm9PWGttWUVWR2NuSUdDUnBSTEJSR245U0lWN3VWNnRqRXFRQ3o0WDYwWFRtbmhieEtaRUhiRElmQTAxdkhjeGpYVHBhbkxqQW9SdTVKeEZhbEJERFFsaU9sQUR6RmZuVlBjMEUyaHZOT28ydXd3aHN2QzJSTHY2MHNhbWltSHMzSFlmRTd2eUd5N1RSci1vSTFhemI1blZxOGhUek0zUFNabzgyU0p6dDBoME83bzlKWEVncktmTVFYdExjRWZyRm93M05sanZicXRJcVFSZlBIRDN4bXRpeEpuQUxfUzZWSnF5VWhaLWNwQWVfd2d0dzU3bWJLSkdXcllPa1lB?oc=5&hl=en-US&gl=US&ceid=US:en,Upstox
SBIN,"Tue, 27 Jan 2026 05:29:00 GMT",Bank strike today: Are public sector banks open for customers or is it a bank holiday? - Times of India,Bank strike today: Are public sector banks open for customers or is it a bank holiday?  Times of India,https://news.google.com/rss/articles/CBMi3wFBVV95cUxOSUhnVTB5RW9HWlBLZmFzSEQ4eHJENXJhaldZVFhNOU0ycXY1YlRNYnVvYktiX3dCRVlqVjJwZEhxRFRKc05QRUVPX0hjM2psTWM3c1FlRzZ1RHdJUjhIN3NXR3VqTHE1d3k2elVxdjgyV2dXY0NDNGNncnZQdUNvQ0wwcmpOREdyOTR5MGplQ3otY2U5VDN2OVRtOGkwY010Tk9hRTdJYklYYVUzY1JZSS1IanJDcUZFOUNoMy01Q1lMYWJTd1NFRGhEb1VlbFp4aTdxdDEyaDZuYWhYWnIw0gHkAUFVX3lxTFA0SzVRc3paNHpnS2FfV2REUXpwUU95UzhKbnhVOGpLWVYyZC1PaGM0Rk1nMHJaOVBGTU5wQVdFTUpNdjNwZnhMWlhSU2NDd1g4OFluMmozcm9VU3pIcWRWZHVFcE42M3dtMzZJY2dUdVhWcVJsZGJBYWlGbTlLSHZweXp2djVOMHdwbXJTa0E3WGtQMkY3bklSN3ZkbVEyZzItNWg1SklpRjl6YlEzaVdoNGl1OHh1YTdrRDdtRHZFN3pXeTU3NXVISGxkclU1UjN4M0Y5ZllkeWtjcnUxZmtjSWdpNQ?oc=5&hl=en-US&gl=US&ceid=US:en,Times of India
SBIN,"Sat, 10 Jan 2026 08:00:00 GMT","SBI ATM fee hike explained: Savings, salary account holders and debit card users—what you need to know - The Economic Times","SBI ATM fee hike explained: Savings, salary account holders and debit card users—what you need to know  The Economic Times",https://news.google.com/rss/articles/CBMi-AFBVV95cUxPcDhiWkRfRXA1YzBWSWlYYXdfVG1Mci1PWjhYTDlxSWF2TkFJT201MHJvU3lDOVV1RTlmd0hiQU8tY0M3QnF3bmdSNUg4TE82R05zVjJsbXhPSHJZTnZVY1FxWVI5clNWY0tuLXpFYXVKVkhjdHNUWnQwLTFGQVo3dlFFdmo0dUZ6LWJQcVpEVjgya2tBREFIYWpteGZLRXRzMVlCOUVQLTZvcTFiajJ4TkE1YVdWb21odG5YcjRVMXhnNUxHVVN0Zzk2YkxTa01rZnhkQ1QyRi1ESzJiN0dSWDFNY0xWUEVuN1M0UkYzUkZiVjhrdmZwSNIB_gFBVV95cUxNSlZPczMwc0dmd185U0hFM2MtN3dwTVBxLWgxN2w5QjdVLWttSGd1b2F6V01TR2E1cVUwWlNLcng4RXBHQk5wWWV5bEdaa0tOaHVKdU45U2ZIVDd2cDZUTEtrdGRlWElfMjVoRTRrYkN1MnRKNXR3b3FZUEYyMTlSa0piQnZMa0JlaUtOaUpaYmJnMGZOU0RhNW5vYzhLTmdSRjZWcWRCTlJoNnpERnlveFZ2SGdvbjUzc2pFZVlUN3VIdThUT2gwbkJETERPVGNIb0xLSFZlNEJTTTBNNlNiaXh4WksweUVURFpHcnMyNFUxblhZcU12YWZ5S2RNdw?oc=5&hl=en-US&gl=US&ceid=US:en,The Economic Times
SBIN,"Sun, 11 Jan 2026 08:00:00 GMT","Using other bank ATMs now costs more for SBI customers: Who pays extra, and who is exempt - Upstox","Using other bank ATMs now costs more for SBI customers: Who pays extra, and who is exempt  Upstox",https://news.google.com/rss/articles/CBMingJBVV95cUxPWWV3UTdWM3lBMGVtUm1kUTZjWnQzNjBwbjBjcE04VVc0cjhUR05VTGd6Y3YzSC1PNXpBc2M3akp5Sllqa0gzX201YVI2T25nU0RFaUNZRTVsd3VkVVlwb3NVTDdLX0ZmWllxN0JiNlRZZGx3OU5fZWJJcnkxUnNtZUU5UVNTOEVDbVhqSzNyZjY3dWV5LTFsekZjWFRZdDQyTUV5WnRITjJEMGNWbHNQalEySjNmZ1Vab2NBcXc0OFR5S3A1dkh1eHlOdnhjTF9LT3FXR09QbkYwdGtvZWxRb1lhNm1HRWpoMFMxcTBHVDJjTDNueG9hU3pqQVFkb0swX2M4Sml1d1U3TFE1MVlZU0R1emdvdDlKTk5mMS1n?oc=5&hl=en-US&gl=US&ceid=US:en,Upstox
SBIN,"Fri, 16 Jan 2026 08:00:00 GMT","SBI to introduce IMPS service charges for online transactions above Rs 25,000: Check how much you need to - The Economic Times","SBI to introduce IMPS service charges for online transactions above Rs 25,000: Check how much you need to  The Economic Times",https://news.google.com/rss/articles/CBMiigJBVV95cUxOWDE3VTI5eWhFa3NwV1JpVkpyemhwcWdWYlBXVlpHN3VfU1Z4X1B1eHNMTFFUdWZseUZQS3lLdkJ0eU01OURFUy1TV2JZNHo0eHdMcmd0dnJEcWlhaV96al92RDV1QTVWQTZ6ekRhbXF4a2Zld3h6NnlGV1FIOTFoVWRkZTBjTzA2Z01uNVI0YTlXc0Z5Qk1LOWt6OVdFbFNJNUlPaVZaTmRiaTR4ZUh4eVNqTTF1VFVtRjRBclgwNmJQaExRQW9DeWF1TXVLMWN2VjhjR044R1VweFhZUHNWUE1DdVlFQ1ptTDhpM0s0c1NOanZndUpldzJiZ0N6WjRuYkRkWC1mTjBmd9IBjwJBVV95cUxNRjBZem1MVHpJbkt0b1RYZzRBUFhocjk0ZDU1NmhzemNXbEhiOGVEZ1dwU1hGRDNYM3EzTTNGQlpIY014Ynp1NmRCWHFMWGFfUnJqU1NwTUlwWmRCN1VlWU1DcGxvYVRwa0hlRHRtNjNPRTBpVGFlX0RkMXNBRUJ4Z3poejk1b3pvNzJ2NkN0cXJjUGM5LTBpTV9iVFVITFgtYnJZRThUZ2h3a2gzNU4tMkk2SWJGa0hxS0JNR01xUlE1S0lkemJkbmQxTml3QXBTdmpOZGhqUmNMM0tUY3ZKVWk1WkxndmtXNDVCaHFteXdyd2lKQXVBY09oX0djdl94WnlTMkpVY1NXc3VvTVZJ?oc=5&hl=en-US&gl=US&ceid=US:en,The Economic Times
SBIN,"Mon, 12 Jan 2026 01:45:47 GMT",SBI customers to pay more for withdrawals at other ATMs: Charges rise to ₹23 plus GST; ends unlimited free ... - Bhaskar English,SBI customers to pay more for withdrawals at other ATMs: Charges rise to ₹23 plus GST; ends unlimited free ...  Bhaskar English,https://news.google.com/rss/articles/CBMiqwFBVV95cUxQS1hPNG1jSjZxMHFhTjEyUmZZNS1KbDEzbVJqazIxbjFnWjY4N192alR0ZkJERVVPTE9FQm9fdVJRZU5Ub005b3NiT0c3Q1ZFLVVuSmd6WEk3Ymk5aFJDaEREcFJlTUdzQy02cl9LQjBZS2h4WUZ3VnA5V2pJWmVQNVpTLW5OVzdLbEZFODJfRzdEa0h4THd1Z21FeVFFbXBZLUNZb0c3WG0zMknSAbABQVVfeXFMUEdKZ2xNMGtEVXNaRzZCTWtNdFFwVWl5cVpvSERZYjZ1S1dwYjBOQ0tKbjY3dmNvWTcxR3FRZUVGdWVNRGVWdEVMTTZQWjJOMThaQnRsaVVvSjdMVnhidFlXZFB1ME94RE5tUC1pbkpHcXB0eThXanU0T1BMb0RjLTRqWlRkMDNqd2czSXF0U0dRTWcxemRkVkIwOHV1bF8wQVNDOHJsOE9xT0pWLWhyN0o?oc=5&hl=en-US&gl=US&ceid=US:en,Bhaskar English
SBIN,"Thu, 22 Jan 2026 13:32:14 GMT",State Bank of India Hits New 52-Week High at Rs.1055.35 - Markets Mojo,State Bank of India Hits New 52-Week High at Rs.1055.35  Markets Mojo,https://news.google.com/rss/articles/CBMisAFBVV95cUxNS2ZGR2g4aWNENlF0azViTjFXYk85LVFwTHFQUFpKUWpQaDVPVkQzaGw2bVFoYUNJWERrd3Y2cEpBXzhaWkpXdEs5ZnlJTk9fUTlqSmFnMzZNOXV3cDBQanJFR2xGM1FNRjE0OGRvTHJzVmN6M1RNYXBMLS1oXzROdDRPLVVRZU5QdllmU1d1VjFwb1BBc2UwUGV5b1pEM0tjSjBVUUFXNjdEUmVVRDFXQw?oc=5&hl=en-US&gl=US&ceid=US:en,Markets Mojo
SBIN,"Fri, 09 Jan 2026 08:00:00 GMT",State Bank of India is Rated Hold by MarketsMOJO - Markets Mojo,State Bank of India is Rated Hold by MarketsMOJO  Markets Mojo,https://news.google.com/rss/articles/CBMirwFBVV95cUxQSmIzU1pXeHNoLTBaQlBlUW9lUmdNb3R6RDQxbHU2LTljYWZSdXJKOV85Mkk5WmxMRkdLQlkxMzBib2lfSjJQQ2lVRHVEWTg4OUdHbEQwVU5BaTJ2aUExd3hHYzNpajd0Z25OWVh3OUNmQ0dGM2dzeDN2TlExM2pkcEZPTlBFczNvSlZubEtGSUFBbEtNQkVQdWVnLUZwbkVPNDQ1QkduZUw3ckJiOUtr?oc=5&hl=en-US&gl=US&ceid=US:en,Markets Mojo
SBIN,"Sat, 17 Jan 2026 08:00:00 GMT","Sending More Than Rs 25,000 Via IMPS? SBI’s New Charges Explained - Zee News","Sending More Than Rs 25,000 Via IMPS? SBI’s New Charges Explained  Zee News",https://news.google.com/rss/articles/CBMiuwFBVV95cUxPV09iOTUwanQtN2ZnemV3d2VCUGdLajlhc2QxU0JXTTVZYjhkcWp4QTNURFpSZzdoYzJpVlF4ZTUzTEpXVU45Zk5leTBNOFFiQkcwb0lYd09aTHZ4Y011VGRiOFFwbUtfQ1VYUnlRSFhhRnRmNGxZWGEwQVE4dFpFQW9aaXoydDRaVXAtTVM3WHQyMVR0ejQtd0NvOF9RMThLMC1sUWJSRDV4N245UC1IVEVZd01sYmVhZkFn0gHAAUFVX3lxTFBNSWd5ZlBDQldjRm1Hb3ZacnNVQlNGWTRLQUNUYkJZa3dKRVlzQmJ0aVNHX2pmWHRTQ3pkSFVZQU1KQ2NhWmRSUVZhQjlRUnl1RmpIUkFhSUd5UjgzSlJoSjB5dXpQMU9sOXBGSkFrSlR6dnM4c1MyVDB0aUxUQ2JhdzBzdXk2VWdTcHdWR291X29WTkp5TWZpaVAwVHZWWDd1bHNpdGZnTWk4XzZ0NDRRZDlSLXpDLTQzdWRsRXdrNQ?oc=5&hl=en-US&gl=US&ceid=US:en,Zee News
SBIN,"Tue, 06 Jan 2026 08:00:00 GMT",State Bank of India Hits New 52-Week High at Rs.1015.5 - Markets Mojo,State Bank of India Hits New 52-Week High at Rs.1015.5  Markets Mojo,https://news.google.com/rss/articles/CBMirwFBVV95cUxPZmlYTGR1UkZUQzNZQkRvUWJlVXVPNXRqQ3BpQ24zVmVqNnNGTDc3OTNoeXpiNzlpTDJFdktPT0lRdmlwVkpYdXVZZ3NZWFBuczBOOG5lUHVfSGdXME1QSGFSLUtYMVliSTROSDBFajU3eWwzVUM5Mk5sX2tpa1RpMV9jOW04RklfaUlEdGxwZ3FvWld6RmcwSjFMdUtQdE5sOEw1M3MwVE5pcGM0WlFn?oc=5&hl=en-US&gl=US&ceid=US:en,Markets Mojo
SBIN,"Mon, 19 Jan 2026 08:00:00 GMT","State Bank of India (NSE:SBIN) jumps 4.2% this week, though earnings growth is still tracking behind five-year shareholder returns - simplywall.st","State Bank of India (NSE:SBIN) jumps 4.2% this week, though earnings growth is still tracking behind five-year shareholder returns  simplywall.st",https://news.google.com/rss/articles/CBMi1gFBVV95cUxQejBkUnM0Sl9WdVdLWFV3dElHQTczSVY0OVFMRTZoUVlHWVFWTnEtTzlzRFYydC1IdFhWOXN4SjIwRmdkZDVXX3hOcnppTU9MYkMwU1dZMlM1b25QRngyanRLTXFTRDR3TWV2VDMwb2tGMGMya3ZySVhVVU1kYXRrRnQ2UnBzdS1yY1hMalJLeFJFUVBGRG9lRnJWZTNvaU9HbFBZd2NHUU1kZ3k4SEs4a0ROZVVpNEtzb3dyMVdmZWFEbmNXLUVzN0VGMWRYMFdOYUI5MHJ30gHbAUFVX3lxTE5rcjFDNmFLSk5jTVFXZlBIUFV3SzhBR2N5MDV1bUtNRHY1dmplY2FxRjJndEhBa3JIX19yOWpCY1YzQ01ueGlZcUxIVHlsYlQtdjJURGZqVmtOemxNVndCQnI2MXpUOE5NbkV3bkV5b1hiQW5PSC1XNTBHSjl5d0hHWjUtUWxlUTdnUWNvVVpSTUh5NlFYVFdXaVJXMmdOcW51eVg0TDVkUEtQUUkwOWhLNjljTkJxVnNkaUZoRXAwaElGOGRoZGExME15MjhDM2p0WmhSdFlLaVhJVQ?oc=5&hl=en-US&gl=US&ceid=US:en,simplywall.st
SBIN,"Thu, 22 Jan 2026 13:24:27 GMT","State Bank of India Stock Hits All-Time High, Marking a Significant Milestone - Markets Mojo","State Bank of India Stock Hits All-Time High, Marking a Significant Milestone  Markets Mojo",https://news.google.com/rss/articles/CBMizwFBVV95cUxNaTF4MVJBREpLOV9fMlc5TjFLdlI5RlJ2V09ETDYwTWw2WmhreDNDV2Q4WHRoNHR1QnVNRVVieE1obThMb3hLQlRtTU5vN2Q2VXByS2tXZ3dtaUFaVzlmNGJwMlNVazVxaldBY1hTTmtwZmFMNlhFNlI3Um9nc2hZSjRjX3JtM29IVTJLQmZvbmFVbURfUDYtSkhMYUNLOG9URWhjdXNZQjdVLVMxZWN4QmNway1XTjBxeUhKVXg3Y0pYbWtsVzEwTmlkNEc3NHc?oc=5&hl=en-US&gl=US&ceid=US:en,Markets Mojo
SBIN,"Tue, 27 Jan 2026 02:44:27 GMT","Bank holiday today: Are SBI, BOB, Canara Bank and other banks closed or open due to employee strike; check - The Economic Times","Bank holiday today: Are SBI, BOB, Canara Bank and other banks closed or open due to employee strike; check  The Economic Times",https://news.google.com/rss/articles/CBMi4AFBVV95cUxPR1pHR083T0hESEtmNDJUOVNpdWQ4SzNqVXBrUl9aUWRuNnM5cVNuNjFtZjZSSnl6Uk1oN2lncmg0aUstSGxJWEQya0p5MFFib19HOWgzMjhTSWw2TU9VWU5CbDZYWVVkelZfdTEtYVVJY29KUmt1Y0J0amk3N0tpRkQyWGlzcDBrWU0zQl9taDlVWjZhaWZESjhiOHE3MVhEMUlfb2JKc0IxdTJVZnlsMmpXY25TLVVzVmVUcnoxSWxYaW82YWdtVlZEMHJ5dy03MFVUeWdCY3YxMXBaWng2Y9IB5gFBVV95cUxQMnhyN01ORjlmbWlPVzdGMWlTWmhSUU10MFVWakRTTmZyZzlKckZ0TVFmbExUM0J4NHNLSHIzRjBzV002NENzam0xTlJONDlzdFdhYlJMUHQtMFBEV1pvalFXUmo4eE9LLVB2cjV6aGpyRjZoX1AzeGEwREhoZkhlNUFZZUU0MDNWdXVBTDlIUkpuTXlKNkFmODU5M09fODNVTVlzeklZNWJxUkJrYi1KLW5UMm1mZHV1QlpOTmQ4cG05andzTTUzN2cyZDRPNkJJUXRPRThOQU14aWFoNURkY00zT245dw?oc=5&hl=en-US&gl=US&ceid=US:en,The Economic Times
SBIN,"Wed, 07 Jan 2026 08:00:00 GMT",SBI chairman CS Setty opens 11 branches & GCC in Bengaluru - The Economic Times,SBI chairman CS Setty opens 11 branches & GCC in Bengaluru  The Economic Times,https://news.google.com/rss/articles/CBMi2wFBVV95cUxNdS1tWmRaUkJRaUlheU0xQVFubGEwOGNvdFdNaHhiUVRObmNYaXRZc1Btb2pCdklKMXozSlE1UnpzNkMteU4tQ0Q0cU04RlB3c2M2Mk9hc3hKeHdMT0F5UlM0NUxZWHE3TUVPWFpxMzQ4VzlMZTdqaWdyZzNYcmZyVHFNdk9obVFzbEoydElNdzBMM29kWXJLQk9Xci00emcwYUtmZWd0c0ZNSUVPaGpRV2JvUWVKc0QzdUxDQlc4YWwzWW1WamNpQWRFNUxuamQ3MWRZT2lhUW5ibWPSAeABQVVfeXFMT1U2RGNZaU8xeTZzRXdTa0VQbHVRQXNRYm1kN2Yta2ktS0cwTmtVN0k0UEJRd20wREYxdHJXd0t5cWNrM1RLTFdqMFIwT2dtOU5RQVZ2SFVDWFZVLWVOQTdXRU5nUzVKUG5uMnNZOTdPeDI2VmFFQ0RFTFNSSnE0WWc3VnBHSUJ2S0t1bngxNEZTTC01LXg1aFZ6ZWh4ZlJ2d1NNUTNiZnhFcVhoMEtMWWlBa3hXbkJlSWkxcklXYm9COEpSVDZxRm9vb1ZET3RFTW80dFRHQ1luS3pxYmRnZDA?oc=5&hl=en-US&gl=US&ceid=US:en,The Economic Times
SBIN,"Tue, 20 Jan 2026 08:00:00 GMT",State Bank of India Stock Hits Record High of Rs.1051.9 on 20 Jan 2026 - Markets Mojo,State Bank of India Stock Hits Record High of Rs.1051.9 on 20 Jan 2026  Markets Mojo,https://news.google.com/rss/articles/CBMixAFBVV95cUxPUWdOSXBxU2FMTjN1MTQ2eWdpU0FXZVhNQmF1TWpJQ2ZtbHBGZ2d1VDBSdjRVRU5nU3VvWnVabFJDR3JXYkthZUpwUk50bFZ3Z1R1Z29NaExteGJiN3JCcW1sTHhWbWoxc3BUbkkyRkRMd3JybDlrb1Jtb3pHejI5cE54ZTE3ZzFuMms3cEFVS0Q5UE9GdUJBTG8wQ3A5aVlid3AyeXA2QnNYdXpYZlFlZ0NuRHpmeUZmSE5jN2Q4UXhMSUdH?oc=5&hl=en-US&gl=US&ceid=US:en,Markets Mojo
SBIN,"Sun, 11 Jan 2026 08:00:00 GMT",SBI Revises ATM Charges After Interchange Fee Hike; New Rates Effective - News18,SBI Revises ATM Charges After Interchange Fee Hike; New Rates Effective  News18,https://news.google.com/rss/articles/CBMiwAFBVV95cUxOX3F3RUdYdnB6dlJYalpvU1FvdURGMnJZQW9admdOTzk3SUNYQzN5bW5iNnRoTjhIcHo0VWF5QWJZUlc3Ni0zNFo4WmgxTFNNMDhrWndPTG1tVTQ4MXNOWTJmZVRQOUFXWXItV0F4ajY1cmpLOFVmZXRtMG8xSG85dEhMQlNmeWRtTHk1blBGVnB6OC0tcEJiOGJNbDJoLVI4RlF5b05Ja2JUY2Exd200Mm81OV9XSG00UWV4Nmw0a3rSAcYBQVVfeXFMTml5YW9MUXEtbmJLaGxHdkQ3Z3FLbHEwbzRIY3RMX0t6QWRUMktVb0ZvVWJNbVVhSjBjTUVTT2lqTjBPOEFwd05HWnhOOWZLSzE3bjlFLW9MZGo0TjhxdHVsUWNXbHRmd3U2VmZjQ01UU1FsbTQ3RFZ0T1RvZDlxVXotNGlib0FwMjZERHQ0aUVOS2NjOWhtelhBbnlaUzEybTdYb0RGNkU5SndTWWJZUmJRTE5oWjZPZEswalBXaGo2R1RQbHV3?oc=5&hl=en-US&gl=US&ceid=US:en,News18
SBIN,"Wed, 21 Jan 2026 08:00:00 GMT","State Bank of India to Announce Q3FY26 Results on February 7, 2026 - scanx.trade","State Bank of India to Announce Q3FY26 Results on February 7, 2026  scanx.trade",https://news.google.com/rss/articles/CBMivgFBVV95cUxNcW53azc0eTlxZ1N5dEhxZURpakJKb1RIaVFnY1d5Z2NJZjFpVTR2QkJNWWRNWVl2ZXdiR21Hd0FHSlh1aTFKd0drVkpSV2hOcHl0dnhib2JCMWZnNXRheHc1MUg4XzBGRXRFamFRRFJWX3NBZjFNRG1hR1VuY3JLVEZHM1MxSWFlVnRtV3Rxb2phVVhGcUxuZHVhcWdWRHF0RF9YWWhhZzUtWWUtSGUtZEhOLXVKLVRvamctR0h3?oc=5&hl=en-US&gl=US&ceid=US:en,scanx.trade
SBIN,"Tue, 06 Jan 2026 08:00:00 GMT",State Bank of India Stock Hits Record High of Rs.1015.5 on 6 Jan 2026 - Markets Mojo,State Bank of India Stock Hits Record High of Rs.1015.5 on 6 Jan 2026  Markets Mojo,https://news.google.com/rss/articles/CBMiwwFBVV95cUxPdVh5MHpwNUpvU0ZnNFdwcTRjZWZhWnJSdmJlUUo4c3p6M1FVQ0hyZk40WmdWS0JBTjMxZlFUemdHUGs4M0FpWkpWMUpkVDMwNzN5TzJRSkJHOHNUMWpBMUdhM2lldlVmc3NzSG1QUGlfU0Z2b3FUclE0UnZLRnF0NVpQbDNISmFIMUhBbmpQQ0dfcmlCLVc5V0JZREdlaDlnYnE0Wl9BMEhhZUZXbmpkUkpjTDZlQjd4SjgzQ1RPbVZmZnM?oc=5&hl=en-US&gl=US&ceid=US:en,Markets Mojo
SBIN,"Tue, 20 Jan 2026 05:22:45 GMT",State Bank of India is Rated Hold - Markets Mojo,State Bank of India is Rated Hold  Markets Mojo,https://news.google.com/rss/articles/CBMimwFBVV95cUxNZzNjcFFTWU1jNGF1Y1RhZW1IbjNBWFVMMDNyLV9PczNIVnZrY0dpUzlxU00zMHFyMlRBVnBMbnhqYzJVd1hWMUt6WmxmS2E0SlNEUnBDUUxUTWhTM0FuVGs1NEE2cjlkblV1d2JYUGU0LUZLeWJjbFRzMGxiNi00WHg1UTNoSjRXSkZHVG1LaWZxbkdka01KMUpmZw?oc=5&hl=en-US&gl=US&ceid=US:en,Markets Mojo
SBIN,"Wed, 14 Jan 2026 08:00:00 GMT",State Bank of India Hits New 52-Week High at Rs.1030 - Markets Mojo,State Bank of India Hits New 52-Week High at Rs.1030  Markets Mojo,https://news.google.com/rss/articles/CBMirgFBVV95cUxNcnJuTjFXaFJId1B5UXdicHJQaGxaUncxNFp0aHVDdjJfVDlBc1JDYVF6Uk1jT05VeXVhYlA3LXo0MTNxZU5VSlBsOWpnRkxHVUFSQ1RiMzVuTzQ0bE1PT1NucHJsc0NTYlMyOFBxc2ptNE94OFZjbm9JRnByWEZEYmhJRm1vTjV3S0ZjMWc4amhWMXNnNWt1bFNqVHBpdGN1VHhNUng2MU81MVZiWEE?oc=5&hl=en-US&gl=US&ceid=US:en,Markets Mojo
SBIN,"Wed, 14 Jan 2026 08:00:00 GMT",State Bank of India Stock Hits All-Time High at Rs.1030 - Markets Mojo,State Bank of India Stock Hits All-Time High at Rs.1030  Markets Mojo,https://news.google.com/rss/articles/CBMisgFBVV95cUxNcGlpZHFQaGwwSHhXU1F0Sl94azhieUxzcUVRWnF5dFRld3NpWTY5TXJNTGd6dy1mSjduSTl1YlNEUU1hQ2lwaGNRYndBZy1wa2ZnVjFKRk5ScG1sei1QeWlUOF9YNUw5Z3ZrWUJrNkJTWUZDVU9XN1hCVFVBSlAzcmdObC11YTZ1T0ctZlJoTy1SWEFJM1FobkRKS3FqYy0tQlZkOU1ZbFlzcjlwTnY3MVdR?oc=5&hl=en-US&gl=US&ceid=US:en,Markets Mojo
SBIN,"Thu, 22 Jan 2026 05:03:00 GMT",Key facts: State Bank of India rises over 5% in 2026; trading window closed - TradingView,Key facts: State Bank of India rises over 5% in 2026; trading window closed  TradingView,https://news.google.com/rss/articles/CBMizwFBVV95cUxPUjFqUTZoa04xOWJnLXpRN3pteTJRNnJvLXc2U0NBZGROWjR2eUFBbjEtQ2FWZk0zeXVOZC0xRzRWV2NQZnk2WmxsVTYyTFdaQm5QMWtPLXE5UjlxWXE4T0NzbUFXUzlHNlpROWJzeFZzYTA1bEoxbEowcmhfeGFBS1JUT0tEZHFLaVBZVWlfaVRMb09QLUx0dnZXckNzVW5WUnJpVVdFZEtNTUhPaXcxVWZHcjR4d0JrTlNlNnRSRFBRZW5SaXJrdXBncFZmYVU?oc=5&hl=en-US&gl=US&ceid=US:en,TradingView
SBIN,"Tue, 20 Jan 2026 06:22:56 GMT",State Bank of India Hits New 52-Week High at Rs.1051.9 - Markets Mojo,State Bank of India Hits New 52-Week High at Rs.1051.9  Markets Mojo,https://news.google.com/rss/articles/CBMirwFBVV95cUxOQ0hBcUtHdG15eFFBeG1wQXYyYjI4LURiNm9OVzdXREZ6N1lyVkY1X3hVcnZuaE5BdjNCbjIyQ3ZaZUgtc2hULTFrMFNlR1hfNmtsZ3RBYTFEVjE0RENMbmtTUWFkb0lUV3Z2UVBDblpyRTROb1FUeUdJcFZUMHFKMnItYXZJVWRKZW16MEZESkVYdmstcDBOTnkxQURtVF9aTi12Q0MxVjlPQVlINk9n?oc=5&hl=en-US&gl=US&ceid=US:en,Markets Mojo
SBIN,"Thu, 29 Jan 2026 11:01:00 GMT","SBI CBO Apply Online 2026 Begins for 2273 Vacancies, Application Form Link Active at sbi.co.in - Jagran Josh","SBI CBO Apply Online 2026 Begins for 2273 Vacancies, Application Form Link Active at sbi.co.in  Jagran Josh",https://news.google.com/rss/articles/CBMi_AFBVV95cUxOamVHTHRtT3BETXNlMnlJV2RuZ0ZmZ3hMM0o4cV9FUVVOUUhPUXlyU19BU1pVMlByaHFxRGVGZEhIRVJYOFJqSFVlRXM4SjEzMlNkVThhclQ0NS1xTXl3d0pfVGhwY2ZpcGU3NDNsU0ZxRzBhOXYwWC1NU1FPNGpyZ0VNLThIWWQxREVVdUhsUk41b3VKcV8xQS1SdUVjT1o1b3FaOTJLNERqZEZza2lCcW9FZE04azFVLTNqcWdoaXJoUmZ5R1pWTGk4d3ZRalhjMlBrRkxNTDVFT3BLQlBBM0hLLWxUcWgzeVJwWHh2V0tCQ1RPYmhjcmlmTFA?oc=5&hl=en-US&gl=US&ceid=US:en,Jagran Josh
SBIN,"Tue, 06 Jan 2026 08:00:00 GMT","State Bank Of India Latest FD Rates, RD Rates, Special FD Rates January 2026: Tenor And Other Details Explained - Zee News","State Bank Of India Latest FD Rates, RD Rates, Special FD Rates January 2026: Tenor And Other Details Explained  Zee News",https://news.google.com/rss/articles/CBMi7wFBVV95cUxNS0VnMjRYaEphSVkzSGkwM2gxdTBCcmExOUFIaVFoVTZJM19QU0JSMnpubG5laU5VR0NzUzRIQ21GQmFmS2g5ZHdyYkR5eWt4Yjd2SzFuZ3VFTHFQMEt3ZmpxQkdqVWR6Vm9YclhDSUpYZTBFUW1qa2xiRmdOdWJqVnJBRUp2NGxkYTJWY0VzNmZ2ckIwVVU3NDR2ZkZzbEZQc0lFUUpsZVVSNVBPNk9Sd1U0ZkJJMmhDLTEyTTNUaWhNSnFSOWVIVUtYcnAzMWJTeWZLNjVSbVU0LVFGM1RBdjB3U005cXVqWWpKTWc5Zw?oc=5&hl=en-US&gl=US&ceid=US:en,Zee News
SBIN,"Thu, 29 Jan 2026 04:17:00 GMT",State Bank of India Stock Hits Record High of Rs.1067.95 on 29 Jan 2026 - Markets Mojo,State Bank of India Stock Hits Record High of Rs.1067.95 on 29 Jan 2026  Markets Mojo,https://news.google.com/rss/articles/CBMixgFBVV95cUxPMHUxVVU5WDRlZFVpaDNlaG14eVpUOHJKUTQwcjRqS2VFMk9sNjRObGJCcTYwSWhJMUs1Q3d4MktvVElUTm9mZ0VTaENGZWhlQ0VIdVh2azJpeG1CMTZNbDBtQnVoYVRTNGdkME4yNGJfSWpOdUJDOTlFMzRMNkNVQmZJMGlDbjB1cXN2S1phWmZKRWpHZGxrN1p4Q0plMFE4d1FWUTgyUjhxQlFqS1I3YXZIbUsxQUgtaTM3VzRKQ3NTdzdlRGc?oc=5&hl=en-US&gl=US&ceid=US:en,Markets Mojo
SBIN,"Thu, 15 Jan 2026 08:00:00 GMT","SBI Clerk 2025 Mains Result: How to check your scorecard, cut-offs, and more details - The Economic Times","SBI Clerk 2025 Mains Result: How to check your scorecard, cut-offs, and more details  The Economic Times",https://news.google.com/rss/articles/CBMi5wFBVV95cUxOdzdzUEJaYmNoWmg2NVVzN3lzZzRGVUNiOWlzNlZNbFpqamlhWVZETHpJQkRsdG81ZzJiOUJrTjkwNGZ2MjBZN1hnd0VOMVBQY0pWbUhGNERJTXdVRnVNZmxmVnZTSFlpTTd3blpVSEI5aHpVN1hRTU41Q2gxTWJWbDVqalpiY21RdjN4cjJGV2lBcXdCSktMek9BTzFsaUF4ZzNMODhJN29FYklvM2JRdlBBZnlOblBoWGc5bzh3RTFLNnB6T0tPYmhaaHp3SUlHUWN1b0xqWUlSdEpLOVItSlQzdmctQXfSAewBQVVfeXFMT29TQ0JINnhUTm9qQzI0NHhteW1fVDhsN19pcUZiRE1Ld093bF9RYXBTYUlyUzJySnhlTDVEOEZ4N3lKTEFSWlJPZ0NUSDRFRndycUwteWVWdUVFdVpxcjhIam1NbkdSWTFvSXI5aVVMaFQ4SXhFUXhYWTJIMGo2TlZUVlk3aFhldS13eEtINWFsNTdqMk9zYkxHYnB1Tk5ncVFrTVZDRkZhOTJ2cFFDbVE3QXFvelh3Ni1WUUZMRGltc1ZPd21WZ2FKb3pLTTZ1Ml9KRkpBcVFjUlFld3FtN3JDb3NBdGRnZ2g4clI?oc=5&hl=en-US&gl=US&ceid=US:en,The Economic Times
SBIN,"Wed, 07 Jan 2026 08:00:00 GMT","CMS Info Systems bags Rs 1,000 crore contract from State Bank of India; shares jump over 6% - The Financial Express","CMS Info Systems bags Rs 1,000 crore contract from State Bank of India; shares jump over 6%  The Financial Express",https://news.google.com/rss/articles/CBMi4gFBVV95cUxQLWVfRWl4VUt1NmFaLVktWGRQODVfeDJMNU1pdUZianpuQ3FqOHAxU3JWSE9zYWxKNk9IZnZWWWJmUndaMEhNRmktZ01Tc3ZHQkFkZzc0S1RRWEdkUWJNYlFlY28tc2dhSWw2bGxXZmE2NDZPdUdUSGltSy1lYng0NnFjODVhMFBzamY1WnJPQWo4RnNGeE9tdzNuMFVVcUpScGloa0NNaThDVmQtZXJIR21nT0UzcGFlMXAtQ2hBQUJBOVBvQ3hHc1hjLWJUd2lkY05FSTJ4VFQxeUZ1NXVOcXd30gHoAUFVX3lxTFBndFhlb25TY1VYbmFmaXZBa05uWEszZGdoVVVOY09DN1NZTmNPaVdtVlA0T29LYkJzcEtta3YxRllJb2NWN3RXQ2lJZjBuUDdQaXNGemR3WGlPSTNFdEVyWS0yd2NjTXByZjVqMGZUaHFBQXhnNi1sVkhvR0k1Zl9ZZHBxQkw4ZnZaZW5pUXlLM1ZvRHdYSHdLOHR6RHl0ZU45R3pJc2hhdDg2eWMyeDlXZlZKX01TdjhHNC1veUJJVXY4Yk8zMGJkMUt4aUhmaS16dHpTVHJ0YWdXNkQwNktrMW9ZU3hfbEQ?oc=5&hl=en-US&gl=US&ceid=US:en,The Financial Express
SBIN,"Thu, 29 Jan 2026 03:33:29 GMT","Stocks to watch today: L&T, NSDL, and State Bank of India among shares in focus - India TV News","Stocks to watch today: L&T, NSDL, and State Bank of India among shares in focus  India TV News",https://news.google.com/rss/articles/CBMigAJBVV95cUxQVVN1SHBKMl8yTUNiV1h1azF0dlV4OEF3RjlscU92NExsakJoSWJrMy1rbEhCeE0tdUhxQlBCZUU0ejVXVjFUTXdiZjdOSnRkeDh4aXlwZUprMVNBcmdiajhvM3hCWTFWUTFzRkJ3YzNkYzdzellyZ2dCemFVaUxmblBGOXVrYm9DaHBqY0pxX2lVbGx4QXRRLXZYMlRMZHA0Z3ZfYy13UU4zOUhFS0FxQ0RDN193d3hKaWpuTXp6aTZJOExiaEVpeWxhZXFKSnVxXzJWZFdtNGdPUFpEQ3VzSHVXVUdyYkdjUFpHdE9wbEstakpTQVRlTXlCVV9BVk1z0gGGAkFVX3lxTFBOQVJ0dDdBeTZsRExqQ2ZJWUF2UXM4c2tvRWpyVDFRcHB5d1RwU0tWU0QwbUxsNzgxMDdpYmlqMEhxUUxJa0NmV056TWdQYzkwV0FKM0l6V0ppb3JHOWxHaTJ5a1RnRnpjX0hBOWk5TFl0VUZpanJyMFluaFVJYUljb0VpbE1zZGc0Vm1WeFk5RklQX3o1MDBpNGxjQ3plWW50dlBDa1hRN1NGRmh4N2tRNFJtMDBlM3F4Q0piWV9ISFdSc2dHMTg0RWg2aFBHOVVSSUJnSnJPLVVzSVJaQnZkQ0tNQ044SkFCZGM4U0lSUENQVXlqaUY4NkNaR3REWERoNVlaenc?oc=5&hl=en-US&gl=US&ceid=US:en,India TV News
SBIN,"Thu, 29 Jan 2026 04:50:11 GMT",State Bank of India Hits New 52-Week High at Rs.1070.55 - Markets Mojo,State Bank of India Hits New 52-Week High at Rs.1070.55  Markets Mojo,https://news.google.com/rss/articles/CBMisAFBVV95cUxOcDQyWFFUbHZ0Rjl4cnpYZ2JMU3Ywdl9Xbmp0Z2FfeV9xbGhvWVN2dDh0MWF3c2VFdmkzcVMtMWVJb1hNZjRMa1hhcmtQYWQ5T25YdVRFUHNIbUtvVi13SGF2OHhuVkFIcEpnWHJFcHRCaUhweHByNGtvM3FWR29HMTd6Wmowa3BTdWU0OUU5dmc0alhyVDB4SzEya2FQWUkyZU5iQkhHRlhvUXJ0N2JpdQ?oc=5&hl=en-US&gl=US&ceid=US:en,Markets Mojo
SBIN,"Fri, 09 Jan 2026 08:00:00 GMT",State Bank of India establishes a Global Capability Centre in Bengaluru. - thehansindia.com,State Bank of India establishes a Global Capability Centre in Bengaluru.  thehansindia.com,https://news.google.com/rss/articles/CBMiuAFBVV95cUxPV180T1hOVndFMXhvRHZGUXkwbXEwWkRJZldHT0FYa2NTbTRsZ0d5ZmI5eW1SZ0ZmZW5ac2IwU0dubjJ2ZFJXdDBrMHZ3N1lFVXFnMWVxSUhmLWNEZTVNb29fQjhMVU9qaGdPNkt3OWZqZW91UzhudWdORmpPRUNwTzRMdFBISUo0djlLZFZ4Sm5XekdjaXZHZ3N6bGUyLUx5UFFuQnVSZnZ6eG05Qi1FQUpmTkVsZ1Nl0gG-AUFVX3lxTE05S0t2Vlg4NWNmQzNaMVNfUWZ0WWJmX1M4Ykp6NHE1UDdzT05JaVZ0Q2RaZWJpTktTYzlrWkRTc0ZKQVAyUWtSSGVYTmVRU3FWMkMtc0NiMllma1dFVkJWNnBsc3pzZ3hPNmdjTXpZZHBYS2YtNVVYZjdsR0JRYkw1dmo3eUh0WU9XT2xmbWdTamJ5cjkzUEFzWDFKX2NhdUR4aHZ1Y05BOGwteWZVNXl5bDdNTnoyUDhTejVlT1E?oc=5&hl=en-US&gl=US&ceid=US:en,thehansindia.com
SBIN,"Mon, 12 Jan 2026 08:00:00 GMT",Indian banks see exponential growth in deposits and loans since FY05: SBI Report - The Economic Times,Indian banks see exponential growth in deposits and loans since FY05: SBI Report  The Economic Times,https://news.google.com/rss/articles/CBMi-gFBVV95cUxQV2h6Y2JacTc5NktRYU9ybmZsY0dXM055eE5GMXE1VFliWEZqWTRia2p4a2F6YUNQU21qRXlOQnNzR1NlRWtQbF8tUl9BSTBDX2NzWjRMMy1XS1U1ZWVhcDhYZzJEQk13dlNON0VyOC1RaVZCQ2VSSklKUV9ncFczR3dlcHBONDVDcGgtaThnRW5YdU8tV0xlRTgtbkR0WFc0QTAxMFJVeG9QSFU2cG9BU1FUVlNEOVN2WDJTblRTSWJOc0Z0MTRPLWV1VmtPakh5Y25RM3I0UFhsaWVUQ083bGdOZlR2X1RnVEFLdTNZRzZqTVEzZjZmSWRB0gH_AUFVX3lxTE5TbXQ5dEt0WTJiYTlUSTZHd0ZoSXAwaE9wWm1WWUxFZTRRbjFhUGpXVlQ5MkMwZUJSWnUyZDFsd2U3anNHYXBra2hyVmpfMkJBYTRmdWZFYUI5X2E1eXRrOURBRFZNY0g0VVpVV0I0OUZDTm1VQ0ZPQ0tUaFpidzVkdzJwZlg4V21rdDJiV0dqZUMwS0VTUk92TmZYRHZnWDg3QUFobWxqQzRoOFV3SDNKZDVuZDFWRld1Q3hELXNJWk1CQXJ2a2J1dHBTaUZrYm9zQkFMbDV4M2lLTTlwZU1DbjJPd0owOUJ4MF9TdzZTTHl3bXhSSWFDem1GcF9wOA?oc=5&hl=en-US&gl=US&ceid=US:en,The Economic Times
SBIN,"Wed, 28 Jan 2026 05:36:04 GMT",State Bank of India Stock Hits Record High of Rs.1058.1 on 28 Jan 2026 - Markets Mojo,State Bank of India Stock Hits Record High of Rs.1058.1 on 28 Jan 2026  Markets Mojo,https://news.google.com/rss/articles/CBMixAFBVV95cUxNYlc3TFZZTGhHUXNEejdVcEowUmJlSG1xS3BKWWZkcFZ4V0k3R3BHN094aC1BTk1DT0JxcEFIXzJNb3NreW1fRVRMUVhSRzF2NGFmRFlBRlZuek1lLVNqYmUyWUxLSDVDeTE5WG1yVFB4TmN0ejZzcUNjMlQycHRsRjdvZXZSY1lZMkJkVk5nV1hsNG92TV9YcXgxcGQ3bk9YejFPZnVGdlVHR0FibUpnM0pnNXJOS2NfWW9ad1BBdkZkZ0d6?oc=5&hl=en-US&gl=US&ceid=US:en,Markets Mojo
SBIN,"Sat, 17 Jan 2026 08:00:00 GMT",SBI GMU Kolkata lease terminated; RBI intervention sought - deccanherald.com,SBI GMU Kolkata lease terminated; RBI intervention sought  deccanherald.com,https://news.google.com/rss/articles/CBMiswFBVV95cUxQTFlNVFU0Y01JbW9DRWRmVzdjWlQ5d0JfS0I5ZTFGNUcwSG9EOFA4WkVGYUplZDFsZzgwNXdUQVdaNmFmWlVMVW5QSUVHNXlYUkFlbmt5VmdUUGRob3d4ZW1vRUNJR2EyN3JVdFdlQWZkcE4zTFp2eE84VlI1UUJ1RlNJQkdTR0lORFVkVVp6bV9sYUtwLW03Qzk3RGs4dE5fdS1lVlNXZ1JoOThmRy04VmM5TQ?oc=5&hl=en-US&gl=US&ceid=US:en,deccanherald.com
SBIN,"Thu, 29 Jan 2026 00:53:46 GMT",SBI secures $250 million via overseas bonds - The Economic Times,SBI secures $250 million via overseas bonds  The Economic Times,https://news.google.com/rss/articles/CBMirwFBVV95cUxNdHRfc1RjZDFDTDBianMwTlU5bG9tUFljeUNlZHpjQklFQjRnd2I4OTlxVmFFeGlPZzBiVlB6ODN3a0t2djdYSGNXTC0teGdfRGxIX2x4X2xMUVhwcDhrS2wzUzFNM2l6d0hGM0tYR1VqaFhpa1hxUTVRNlpabGpOdVJ4UFNuZVdkdFhLLS1xSTJZQ0VZWHlLcjFvSFhPMmgwLUlFWm5JVzhKdmdZS2N30gG0AUFVX3lxTE0tSE1Ua2VmYzQtajR0NGxpaEVVSnNudTc1TUQwb3RwQmxZWThUVmFFQThkWXBUX3lJdmJzaHZCNFByT1ZqMkYxS3QzNW04WUF6bTdUcWtWTHp1dW5lc2JXeWd2TUdndzhEQnpud1VidmhYWGhMVnRUTW42cW1adi14R1hKcHVJZldENWNyVU5uN21UdG5aY2FfNXVXMjlzNWw4UFZjNHByRU9aaHB3QjZZY0NnXw?oc=5&hl=en-US&gl=US&ceid=US:en,The Economic Times
SBIN,"Fri, 16 Jan 2026 08:00:00 GMT",State Bank of India IMPS Charges To Go Up From February 15 -- Check Latest Rates - Zee News,State Bank of India IMPS Charges To Go Up From February 15 -- Check Latest Rates  Zee News,https://news.google.com/rss/articles/CBMizgFBVV95cUxPdFBSZ0NTTDBJelcyWlptdXBKQjJYX19rcUkxQ09yS19heTB0RDB2ZFRCa2hqd2NIdDJiOHZaNHhuU0hBNFp0Zi1rX2F3VzNsSDNyV3c5bkoxcFJvWTU2N3hJYWpWLWpGYllTWGwtNXV4SkNNcHo4SmdRZktWQzZ3RU9oTTBGUFhpWHRfblhqWmJPdWlEeFFOMG0tR2tmSFBVbmxmSkU5ZENCYUVMWUd6U2NhN2lqYTlmdmFVc1Y4aW1lR0lBem94N0RXc3RWd9IB0wFBVV95cUxQWnhGc3ItcW1vQTlDcDZuME4tdnc5bW4wV1BuSmxJeklmQWFfSHN2WHljMjk4dzNNbnIyZlJQX3JDVzlFNUc1aWFjVzZIdlJkUUVqNmJfU1hndFMyZXRKaVBXcF9IM2x2WjJwdjNHaTNEQXBGMmVHYnhIamh4bERLNFFtQV9TRUJINUhCSjlDSVp5MHlIWUppMW9xZno3TndlLW9oYUlVRG4tVjBXMGQ4SlMzUENONWJUNXFLTjVHbU1CcGk1QVcyay12RU5XUm8tV1BJ?oc=5&hl=en-US&gl=US&ceid=US:en,Zee News
SBIN,"Mon, 19 Jan 2026 08:00:00 GMT",India to become upper middle income country soon! Per capita income to rise; economy set to be 3rd larges - Times of India,India to become upper middle income country soon! Per capita income to rise; economy set to be 3rd larges  Times of India,https://news.google.com/rss/articles/CBMimgJBVV95cUxNRW5yYnIzYjB6WUFzRjZLN0RqV0ZnM1V2dHQ3WHFXem5Ea1BWeXNoWXVhbVZleDRmdFhKdlRnOG8ySS1adXBkX0dNNnF0RFRKTmFmbE9wNGhKRTFvRGp1NTBjMnZBMDgxenYwSW9NYVFmb3RXOTZXREM5N2REamFmdjA1QUpkZTdMMWg2cVdTWmJMekVXelhEdkJZcjdZT2dGazdVbTl5dzl4a19KR1IzcG5Qa3hpWndLbmMtS1ZhaEQ2Z2s5Z0d2TWVkdnJpY2JmQWc5V0MwMnExd1lHUjhENjNRSHpEaXlhcHd1eW42cUQ5RHpfRW9JSDlZLXAtRlV2Zkpoc2tJelZncjluaW1MQ0ZMSElNWGVHOUHSAZ8CQVVfeXFMTkllSktPTzluTVJQT0ZOQlVzR2lPVkJEZjRYM0FKNzBMemp4ZWlYV2dxRU50Z09NZEtDMTJIcFJ6LXlJZ0xfMC1OUXRCME1IOHFTR3N1QU52aEVZTTVRWVVQZWZxcnhLRDJPRzdtRFk2eFhIOEJNeW9RWTBfWWY1YlY1UTQ5aW9sYXozVzRLZm81U0U0WVVqb2tCLVVvN2swVkd0Q2R1T2VtaDNteDVvUzlmZk1xMndweVMwM0ZlaWNNcTg5UlJQLUhPRTdSVXlVWDRzbEhpaWFoWmZNNzFhUWtaekNVRDRMYnZPQ3Mwc0kxNnc0cGVLbWFPLVNLWXRhMUpCWEZnMFp4Vk9MMGVVZFh4ZGw5My1LZ3RFaVFlTGc?oc=5&hl=en-US&gl=US&ceid=US:en,Times of India
SBIN,"Tue, 20 Jan 2026 08:00:00 GMT",CLSA reiterates Outperform rating on State Bank of India stock ahead of 3Q results - Investing.com,CLSA reiterates Outperform rating on State Bank of India stock ahead of 3Q results  Investing.com,https://news.google.com/rss/articles/CBMi2gFBVV95cUxQZmM5eW1Kd1EzMUpwMXdLMV9odUgxSFpaaTVPVi0teGUxVlYwdG1GQWZwVnItenNBMXRYSlJCNTFlQ2tzNmR0V0dIRGtWVzdTSmdEcUhhY0g3c1I0Qjh3NWJab2Z4NFN4ejBOLW9KZUpFX29jYWl0Wm90aUx0NThaNUlmeE5nSFlYd1lLNjYzNVBOazBqbllUc2pCYWc1Tl9xNEZaU19ab3Q2c0JCSVB5ZlFVYU9XRG51M0toQm9tYVZlV3hKZ2xUMmpEUWFxVF9CR3pqaTVrMk83dw?oc=5&hl=en-US&gl=US&ceid=US:en,Investing.com
SBIN,"Wed, 07 Jan 2026 08:00:00 GMT",State Bank of India stock tests investor conviction as rally cools and analysts reset expectations - AD HOC NEWS,State Bank of India stock tests investor conviction as rally cools and analysts reset expectations  AD HOC NEWS,https://news.google.com/rss/articles/CBMiwgFBVV95cUxPVlFyVG56R3BBY0lYMGRVSHd2WVNiZnUybC1CU3hpbVNaTFd3M3hid2VOOUVEZ0V6Ymk3SEdDeXNSUVlKZTZhRGJPR1BpZF84MERmb2phSjFfQ3Rzbm5OWk56OFl5bWRrVnBZZ3pZWWJ1Vm9FMGVwUXE2RGZFdGI4WmhCYmVPbkhxMFhhaEhZcVBwZVNqaGVxQlo4cDBDM2NyQ2lVUU5PVUgtZFF6aW9kdjZyZUY2QUVQT0pZOWx4VC03UQ?oc=5&hl=en-US&gl=US&ceid=US:en,AD HOC NEWS
SBIN,"Wed, 07 Jan 2026 08:00:00 GMT","CMS Info Systems Wins Rs 1,000 Crore SBI ATM Cash Management Contract - PSU Connect","CMS Info Systems Wins Rs 1,000 Crore SBI ATM Cash Management Contract  PSU Connect",https://news.google.com/rss/articles/CBMirgFBVV95cUxQd2R4VUxUZDJsQ05SQ0J0Z3liTWRjMGtFcUw0RTVHRERUa0I3bU1mbFgxQWlmbDFMcEtCT29WRjlkRU1fMkFfeUE1T0xSMmNQdTIzd1Z5RHVLYkM2Q2tRb1cyM0R6aXItZzJLTHQ4dm5vN2NmanV6cG1wVDFwYXlrQ1QxUGdJWW5MNDh1dXFSaE50aTBsUnBGdE9Ja09wRTc3VnNCSmVkakVSYXJPRnc?oc=5&hl=en-US&gl=US&ceid=US:en,PSU Connect
SBIN,"Tue, 13 Jan 2026 08:00:00 GMT",SBI Customers Alert! ATM Cash Withdrawals Get Costlier: Check New Charges After SBI ATM Fee Hike - Goodreturns,SBI Customers Alert! ATM Cash Withdrawals Get Costlier: Check New Charges After SBI ATM Fee Hike  Goodreturns,https://news.google.com/rss/articles/CBMi3AFBVV95cUxQdFRQeVdUV1ZrQWRCc3JfRTA0OEcwc3NEZzJ3aExjMWtieWdQa2xDM3RjVlEwT3ZWd0RuMVAxRzVrSklTYV9wbTRoeENYYmpwQm50MVRpSUswRzVaSDlkeFZmUFY0cTM2SVVCZk1jVkJHLUhxMXZrYXdPWlVnRUM0R3VNVldOR3BGVWZTaXQ3NU1ZazliQlMzQkJ4X3JiVi1uVW12c1h6WUtFcE15cXdYei1Dc0JhNFo3dTZaYndLREh1NEVCdG9Wdl91QnhOQVA0QVgyOTh3RUZvSV9y?oc=5&hl=en-US&gl=US&ceid=US:en,Goodreturns
SBIN,"Fri, 09 Jan 2026 08:00:00 GMT",SBI projects 7.5% GDP growth! FY26 figures may surpass government estimates after base year revision — He - Times of India,SBI projects 7.5% GDP growth! FY26 figures may surpass government estimates after base year revision — He  Times of India,https://news.google.com/rss/articles/CBMisAJBVV95cUxQNDlSZ3VneVJfVG1BNUM2WnpReVdNUjMwY3ozMk5KcXRtVC0wQVU5NjI4SmJnSUVERWxRMHg4VG9PeldlSFBrUU4zdVByR1BvY2FaeWFVQ0hWZ0w5cnJuMEczc0s1VlR3RGxSaEkzZkc4cDZ5dGxuYklfbmRTNWhzWHQzcWxuZDNESDVPSDhRRXJoZXRQOVpaeHgzMjJGNWdZbTFJVEhwRHhPSklMNWRCZ054a3JWX3lpZ3drN2V5Qjg0VEp3Rkd5ZXhBUEtOMmxBbW9zSHh2cS11cmc5VEZxNE1rXzlYZWpOTWg4ekxfYkpPMDFLeHZuQU1SM2tUUjFYeTctaUdObnpQeHFldzJ0WHdkdVVWVm9fdkZMdXhBX1dPYnVJQXo3RFh1WmloTE1B0gG2AkFVX3lxTE1PNm1CTE93anNNeHNaRXJlRWVXWHEyUGxKdGdRNHg1WnFsck8zak50ck5HSy1DT2tCZ3pMUmhzaUoxYjI1NG5vU2hpU1hsZ29DZUh0UXJSOGU2V2dQUjBfazlNcEJzWnpvaTdHMHVJb1l3VzB2VVZPQkZyRDJfTU1HRVd0MGdOWGs4NXpfemVwczcxcnlkLWFBcWttTExLdjVrY2tIRGFWZUpKdW9DSG9Ia2FzelBJNEtrMmZYcUd0TUs3Sk1qbFhKZHM3NVNJMHdxdEhudkZENUM1b2E3eWt6cWs0OE8wYkZJaXdOTzJsV0s1WGRsNTg5NS1JZ2RCbmkwNTdERG1EanpfYkcwSHRFQk1NTjNNS0pCVjBwMmFVVUJLeXFFX2tnMFM3ZXRyVnA0aU1veWc?oc=5&hl=en-US&gl=US&ceid=US:en,Times of India
SBIN,"Tue, 27 Jan 2026 08:32:11 GMT","Tax-saving FD lock-in should be cut to three years, at par with ELSS in Budget 2026: SBI - The Economic Times","Tax-saving FD lock-in should be cut to three years, at par with ELSS in Budget 2026: SBI  The Economic Times",https://news.google.com/rss/articles/CBMi5gFBVV95cUxNZVBhQnZudHBsb1gweTJ4NlV0Q2VOaVJoNDlwcUtHekFrQW56N2N3UE5ycW9nMmZXQWdPT1JmVzRsWm9KTThyTXFfMzIyUVBHZWxMcFdhZHdPZ28xOW9ldm9CZkE2WlFWT3UtZDlRdzUtekJFTlJ6SkYyYU44VzVPZGRnRUtIZG5aeXJwUVJ3QktyUzdHN0p5bUpjUFBITXBhMWNqSklxNUlIMkljdVFEZ3gwUWJtLXVwT2ppX2tjRm9VR3FBSXRwWmdabE9EaWs3VTFuU0dFYUFUZ0lXWmtMc2oyRi1BUdIB6wFBVV95cUxOT0YzSzcycFdvMEpzeGpaTVZtM193RlJnUUE3Q2RHejg1ZFZVaVlfSm9lc1h0OGVBWDk4Z2xmMHB0b1p3RTBKR2JpemdLa0VNc2haY1RFUXJyeVRXOXNOR3RVMmRfVDM0bldOU05BLWxpckVrXy1hUG1VTEVpNU9waXdRaUx3T21IWVdHU2I1NUJHWlY0bVZ4aTdEZlFUY2M1ejc3VzlOWl9MWnhGalpmMmthcnl6Zlo5YkVSTmhTUjRwbHZOQUgyT1B2b25MVHpHSUpRNTBUN0drSmdSd2Y2RWNEd09xU1h1Y25r?oc=5&hl=en-US&gl=US&ceid=US:en,The Economic Times
SBIN,"Tue, 27 Jan 2026 04:02:04 GMT","Bank strike today: Will SBI, PNB remain closed? What services to be affected? All you need to know - India TV News","Bank strike today: Will SBI, PNB remain closed? What services to be affected? All you need to know  India TV News",https://news.google.com/rss/articles/CBMi6wFBVV95cUxQTDFTWkVzcGdCaEp4d1JQcmRLTGRUazc2YkljcjE0YzQ0VTRBNkU5ZmxSSFIzb0NPdHN2OFRVSkxvVE9oS28xZHRaQWJVSWhsQXJETnRUQTJfWnRLakEwbk81UGpDd3UxeDBGSFg1UGdua3hpSFJOc2l6dWtSVkVkTFUxbm9Jem56aUdzRmhVNzBVd05odDkxRzdocUNUZUlTN2piTmlMeVFBMWJSQlN3OXBuZnhublRCeXEwT0I5TTlZT0xkbG96MHZZTWd6RkwzRTJIeGVHbWxLRmx1NFNfSmFvVGF6cFA2SElV0gHwAUFVX3lxTE9WOUt1MFRDbnlrTVpDekFTSXhIc2xsQnJ4NWMyTk9zWGJsTVh4R3BlZkI2NEpqMnIyajJYWFA5dklraDVmZm1UZGxzVXg5WW1NRXZPYW5ka2ljUWIzNUtwMzJpbnJjUHMyWE50Yy15R2FCUTZpeUlwQkdtTDVqelJFYWN3VzhyVUNheU9IbjByVmw5a0VoclA1Q2pqT1lpWkt0OU8yU1VmWEpPZnV5M1JyUWNHN3V6OFlwNW5NeW1ZeEQ0N1I2aU5qZ0ZPNTJfVTl3RkFNajNaM0Fnb1czb3dHbWFsU0J3WTNGWlpFNUR1ag?oc=5&hl=en-US&gl=US&ceid=US:en,India TV News
SBIN,"Mon, 19 Jan 2026 08:00:00 GMT","SBI to end free IMPS for these transfers: Check new charges from February 15, 2026 - The Economic Times","SBI to end free IMPS for these transfers: Check new charges from February 15, 2026  The Economic Times",https://news.google.com/rss/articles/CBMi-gFBVV95cUxNWllKUmZVYzc5WmhWMk5jODlhanl0NkFEdHNDVWtfT2p0a1dCc3E2NzZPXzdjSXZKVHlldkpXbFJYNHpINEZGYW5UR3g5YkpwRFJSWmNlblE3MURwalROMDdHeER2SnZGclp1OGxza1FvaTllNzd3U3lmX05CTko3NENhbFhjTUg1ZGh6WjBZNEp2cExUcUx1YnhSWEVfNVlzZHVUU0ZWWlBZWFRyeEYycDVlVlJ3Ty1nY1ltaFFoaTNBbFV2T1FJLTNCdnlZTl9TU01GT3FVbGdMcEk2SVU0Nzh6UDNqWGRJMUV6QVN3ZnBwZ1FDdHFDc2hR?oc=5&hl=en-US&gl=US&ceid=US:en,The Economic Times
SBIN,"Wed, 21 Jan 2026 08:00:00 GMT",Bank of India Reports Higher Fresh Slippages of ₹10.90 Billion in Q3 - scanx.trade,Bank of India Reports Higher Fresh Slippages of ₹10.90 Billion in Q3  scanx.trade,https://news.google.com/rss/articles/CBMiwAFBVV95cUxPM0dkRExSWkV2VXdCb3NsdUdtNTFoNkZDVEV6TW1QbDRQamk0U2ZMekExSGRjX1RyaXNkbVUwZUFsbjRWck5jSDYtU2d3dEcyMU9tLUM3emhUM3hTd3ZXdXpXRVNiVS1Qd0FuNGFoR0JkaXhRZWlHTWJkTHRPSk45Zi1uTG9MX0YtQVVBclE2b1dQWVN0ajQ1MUg3TlBnbkhrUnV4NGhRcjhYZXNlT2wwMHFoMGJxMUdFQXpWdm1SU1M?oc=5&hl=en-US&gl=US&ceid=US:en,scanx.trade
SBIN,"Tue, 06 Jan 2026 08:00:00 GMT",SBI Funds Management engages nine banks for $1.4bn IPO – report - Private Banker International,SBI Funds Management engages nine banks for $1.4bn IPO – report  Private Banker International,https://news.google.com/rss/articles/CBMifkFVX3lxTE9wemJicEU1b0dWWVMzS0dtLXhRa2dSZ1Rqd2I4RTFZam5JazJfa0hwZVRWMVM1bE1rQVhqdS1Ea3AxeFpEc3hxRzhZSGp5aTJGSjV1bm96STFCS0wyMXAxQ2RITm1va2dkMlFpdEFHZEFLTktQc2RLd2VndHo4Zw?oc=5&hl=en-US&gl=US&ceid=US:en,Private Banker International
SBIN,"Sat, 17 Jan 2026 08:00:00 GMT",SBI hikes ATM and IMPS charges: What changes from February 15 and how customers are impacted - The Financial Express,SBI hikes ATM and IMPS charges: What changes from February 15 and how customers are impacted  The Financial Express,https://news.google.com/rss/articles/CBMi1gFBVV95cUxNZmdjaGtVMWx0NUZKQVpreG9ad0lhNDBfZy1MR3VwMmdPbERPUUJVRERPaHlENnBRQkoyU1M4ZjdLUlFpZjhOWjhwMUtncHE1OWN2djRoWlZSVVZZQV9ZTHBWREpicTNEREozOVNSNGRiVkRLSDdzc20wTWNQUEstZmprMjdqdWF0Ti1HaVVpZXZnNnpDTUFPY25EaUNBS3FxU0RPZVBzci0wT0ZQbTctTjk2QWhrVHlQemZQaTU0a2RCQXdWVnc4VVNUYU9lbWZXN2FpUFln0gHcAUFVX3lxTE56WHpIT21ya3VGcWFGNnJFQ3dKbHVFZ2pmREU4VFNnUEJJRGFxckM5Tnc4cnJRZjA5Q3VESHhTRnBtaGZIYkVxb3gyMDBmdFdrczdaN21nVDNZeG1Ec3h4bEhwYVNlMlFQS2NIS1lDUFlkeEQ4M3FwRGtxUXo0WU9paGtDODQwVjU2aUh0T21wYXN2MzV4bmRPbmEzdWJ0ZUZBbXUtV0JXMG9BQ0RYYnp6RjlycXlkcE4tOHJtZ0k5QnVPQ3VIcVZycDVVamxnYzVrLWd5cklhQmFoaWE?oc=5&hl=en-US&gl=US&ceid=US:en,The Financial Express
SBIN,"Mon, 19 Jan 2026 08:00:00 GMT",India set to move into upper-middle-income group by 2030 & join China: SBI - The Economic Times,India set to move into upper-middle-income group by 2030 & join China: SBI  The Economic Times,https://news.google.com/rss/articles/CBMi5wFBVV95cUxPNjJFb1BlUUhYYW1ITUhhUGdFQy1OQVZKOEt2QkJZTldCSEJkMk1CdERwVXVxYlZrUGxaMlhSRFNZZk1ZT0dZejYtM1dTdUwwOTUzaXFvOExmWkNLSlE5UDIwdk5iSUFjMS1WZDZ1VVZHTldjX2R1Q182Q09DdlR3c0Q2V28zSmw4LUVfSUszRi1NTUdUa0k1aWI1V0tMS3gwRm5PNnd5TzJMU18yMXFaQ2JaWkFBUGkyVmtmUmdoOElJUFZzUFRTdDFHckxrdF9vdE9UeWhVYU45UVd2TWRxWXJ6a3BIZTDSAewBQVVfeXFMT01fb25Jc3VHMGhtVWJtZU9SbVVXUE10YUhUd3gxRUFtM1NzTkhQRTQzTHhhYXJvNEs1SlJkSVVnMUJJOTBIOGVLWVVKTEJldlpVVWptbG9pVEFFNF9jVGxiYVF3VHI0ZEVxS1lQRTFuMk9fNnhraE1oLTZWeGVuTjBtQ1FsY2w5YXZBZkRNUW93eElrdkx1cUlPa3JhVUxGTWFlNlh6UFhwVmZmSzgyMzZ0c2oyWVFpSWlhaHpIRDlibE00eE0xdDRoOG1HZmJielY1cmIxUmhBOEg0NDRmX2xhYi1vT0NKQ0V6UjQ?oc=5&hl=en-US&gl=US&ceid=US:en,The Economic Times
SBIN,"Fri, 23 Jan 2026 13:47:00 GMT",State Level Outreach Programme on Atal Pension Yojana held in Panaji - PIB,State Level Outreach Programme on Atal Pension Yojana held in Panaji  PIB,https://news.google.com/rss/articles/CBMiaEFVX3lxTE5aNkZ5eWJ6Z1pRazZCY3VxNWEzTnE3VGF5UXFRamVuc3BKcU5IbjdqTm5RQ2N4WC1UU2lxN1EybG5odDBhUWd1RHhMQ2stcWpXTHJiWjZVbjlCSnhKS3NUNlJEdEpyZEJM?oc=5&hl=en-US&gl=US&ceid=US:en,PIB
SBIN,"Thu, 29 Jan 2026 14:51:55 GMT",News | State Bank of India buys City offices for own occupation - CoStar,News | State Bank of India buys City offices for own occupation  CoStar,https://news.google.com/rss/articles/CBMingFBVV95cUxOVzQ4X2wzOF9jQnB2c3hBT0hxV2NOZWlvbHZVVTVwN0NkX0JhdHVpajF2WXFJT2tMQnNpdnhuZEVlcXREZDRfX0RoVzFJM1pUeHkyMTBqdmlwc3l2T0tIb1hXMDloWmhET1NFcmtBNTd0SUt0TEVWZWIwQWVaRVc2S2dMOE96NnR3cGxjUENDX2JQd25xLS1uc0pQQjJNUQ?oc=5&hl=en-US&gl=US&ceid=US:en,CoStar
SBIN,"Wed, 07 Jan 2026 08:00:00 GMT",Banking News: SBI Inaugurates Global Capability Centre in Bengaluru - deccanherald.com,Banking News: SBI Inaugurates Global Capability Centre in Bengaluru  deccanherald.com,https://news.google.com/rss/articles/CBMioAFBVV95cUxOMUtONkFXM015eDZkS0FmeEpkcVhBeUNtQnBqUHFoRmdmVThiNUlvdnFhQ05qUkg2Qno2Z1BYeWFxSXAyN3ZWeEwzZ0FoM3FYTmR2OTRzLXpPMlFaNGNsc0Zfb2hZTDVHb2ZsajZYLXBlaXEzMXdsVHZpWFg1ZXZKMTl1eXM5bUN0WHJGYXpOZ05MQUVWazloRVpaZlpXT3FF?oc=5&hl=en-US&gl=US&ceid=US:en,deccanherald.com
SBIN,"Tue, 13 Jan 2026 08:00:00 GMT","Trade Spotlight: How should you trade JSW Energy, SJVN, Alkem Labs, BSE, State Bank of India, and others... - Moneycontrol","Trade Spotlight: How should you trade JSW Energy, SJVN, Alkem Labs, BSE, State Bank of India, and others...  Moneycontrol",https://news.google.com/rss/articles/CBMiiAJBVV95cUxPTDhLbG9zekFqTGwwcXZmLVZ4Z1ZYTmlKUXBNV29xZXFlRk5tdVM0MWs5bFBBVDQ1UFNiaHJaWGE5RU5pRURLQ21kU3A2cDNtdC1YeEcxb3A0Nm5veTJUaEJYUWJyZG1EY2hWOTd4cV9ka3BfR1Rad2laWjZ1Vl9OUGlrdFVqTlQzWk5hZ2FQQzQ1Sm1oa2xfZGhaTWMxc05IaGNxQlJxY1VwLXo5djM2NmkxelZMQWEyU1hJTktWcVExcGwxV1daMjNleU5hV2hSQmVsMGJ1amR0UUxmTVBpNWVtdndobm80Qk05blN5Mjc5bktvQzNaZ19DUGJoeDZvRXlCUHhTc2LSAY4CQVVfeXFMUE1hbUZMZktoUXNzM2FCSGZoVlVzWG1hR05rRlZjdFIwM3Q1MWFJU19Ca3pubEU5UHUwVWVkUDliZzZ4OFpRNmhzSU1RcS1xMjJCa2N4NkpSazU1MmdhNVpNUEFnSnBFXzZ1aFNVUUEwTTBKVVd3dWNBQko1Q3hMWVo3bGpIU19tRGRoNWpRTTQ3Z2ZPaUppVEtFa3FCODBmWmFtcHNTYTVnZjRPMmQxcG80Z3gzOFg0SURnbVJrdEo1Qng5QkEwSk00Wkd0cklPVkVIb1k0d3A4RUJWY2RWM21pZkNtbjl3NjZSTXBEVnZVcUU1Y2Q4M2MwWERrcm5EbWQxaS1FbkVhMTdQSjJR?oc=5&hl=en-US&gl=US&ceid=US:en,Moneycontrol
SBIN,"Wed, 07 Jan 2026 08:00:00 GMT",Big Banks Reject SBI Funds IPO Deal Over Paltry Fees - Whalesbook,Big Banks Reject SBI Funds IPO Deal Over Paltry Fees  Whalesbook,https://news.google.com/rss/articles/CBMizAFBVV95cUxORnZvNnVORkp5UnFNZHNRVVlUbnJ0YXdlVUcwcWJfbUhHdEQtVjdhYXpGOUl5aXprR21oNWFJR1pfRGVSUWhOUEhnQTRxcTBQaTFZeEVKZGxZSFBYbWZCT0IwaTNfSXlHNWJyVnIzb0tNUEZ0MmQ0N1JPS2M4TDVmYnhtS0diNVdJOXZIZHFEQXNHMUpEUDRZMWFxVy1Fc1IzXzMxSjlHQ2IzVXgzWTZNQ2M0N3drVEV6ZjRxaXBUdEc2YXdvbk5sYzlINjQ?oc=5&hl=en-US&gl=US&ceid=US:en,Whalesbook
SBIN,"Sat, 24 Jan 2026 05:15:50 GMT","Bank Strike: Nationwide Bank Strike Announced, Banks to Remain Closed for Next 4 Days, SBI Issues Notice - Patrika News","Bank Strike: Nationwide Bank Strike Announced, Banks to Remain Closed for Next 4 Days, SBI Issues Notice  Patrika News",https://news.google.com/rss/articles/CBMi4AFBVV95cUxPeUV4aFFGQUN3UThFSG1xLW93cHgwanpySFVSQ1lDbUdBdFVNbDV4dGpaR3ZvRmIxOWowcllVYTJZUlZjeDhOSVJJR0RCTTYwcTRlTnZjZm9xZmtMd0hqLThWU3BuSHpSMnRWTUlIVThGRDEwY0FVbVBKZXYxaDRXbng5QzVCNlBEcFBldHJ4b3lCTmVEMlozRTNqRWtpaW1idllab1poRF93eFdSNklBQ3Vmd2hkRjFyWFozaElaN2dsWERVVkI1cGlGWHV0QTRtdVhYenVlbTJiaXE1YkN1btIB5gFBVV95cUxOSkN6QVg4LTMyZkpCSzFVeWtMOGdfVkxmSjRYSHZacnY0NEJIMTNFOENEVExrODZVaERwdHowd0NkTVpEeXpkdG1JN1ZFQjVoRVpic1RjQkFTUnpvUm1ReDQ0UlNNMFJOYU4tV1dwdlR6ZEZ3NGNuTzN5ZkxlckFQVjFZdUxIcXB0U011U1VEaVhoOUZRdm4zakxOS25YcGJETVU4SHZnQkZjOThOYUdyWHozai1KZGp2UEg2UTVZaVVOYXJ6ZUQ3VkNKNERtOWFtY21qZHU2V2l2cWVLUkw4Sk5NZjlCdw?oc=5&hl=en-US&gl=US&ceid=US:en,Patrika News
SBIN,"Wed, 14 Jan 2026 08:00:00 GMT","After ATM fees, SBI increases IMPS transfer charges: Check new rates - Business Standard","After ATM fees, SBI increases IMPS transfer charges: Check new rates  Business Standard",https://news.google.com/rss/articles/CBMi3gFBVV95cUxQbjZWSGpsQUNpZGwyWTNBa3lZeUV4by1QQ2cwczBGbWIxdDBkc0FuUmdpcFRDZFJzR1RHMkt0dFlkdGJ0eUFUMVZIOHVVV0pvVE1kTGE1NXEtUXV1SmtLYkNhMHVjUEdOM1ZPc2piVXNtQ2ozYWRUTHZyekx3alpTV2ZZelJoZjdxOXlYOUtLTnpMRzQxSnZPSU5BSWJyOHlQUURLSUhqUlFVbms4ejh3SnE3aTNxd2ZiMVNBYU8zcUo5N2cyb1JZSHc4MUpUTEN5dkJuSkJUb2wtSnAwUXfSAeMBQVVfeXFMTlZNQVZmS2ItZlZUQmVzeTQ0TFBpUWNZY3VEWDVGVElZOGNHc29RVmJHWmVycHVzckJ2dnJaLVNEOWItMURhbnNfQS1VOEVWSEEtQkRJN1h6SnJtdlhfZDZyMEc3SmsxQlU1Z0FmRG9iU0tma1UtaWpsVTNzVDA5THRXQ1ZBanNITC0tM1ItVm9QRFB2STFkMDBwX3dNTW5qM2pvUGVaVHpGWm8xNnFQa2Roa3ZIWUtxMWhkaGdLM1BkRGpLRXVxSWk3MkE5TXdfYjZXV1V3RjEtLUJSN01UU1FESFk?oc=5&hl=en-US&gl=US&ceid=US:en,Business Standard
SBIN,"Thu, 22 Jan 2026 04:48:38 GMT",State Bank of India stock: Quiet consolidation or the calm before the next breakout? - AD HOC NEWS,State Bank of India stock: Quiet consolidation or the calm before the next breakout?  AD HOC NEWS,https://news.google.com/rss/articles/CBMizAFBVV95cUxNOW5Qb1NqN2VvOTVRZnVZTXRSaEYzMmxmcGVvdE82YzNnb2R6bTFKQl82bDE4QnYtdjlkNWs2d3hLTXJ2ak13TjZfOFpRMHB2Sy1pTkE0WWZhd1RfM1Zmal8yTlA5bktjWUNFclNjcUtqdVNtSTlxWVI2eHNBT01xX3d3LThyLTFYemlkb1hOc2NEb3QwLXR1YnAzaGpScUVkUlNnNVJrTl8wQnV3OHl3d0ppMURGUGp1Sml6UGI1Zy1NbFJkeEhBeTU3WF8?oc=5&hl=en-US&gl=US&ceid=US:en,AD HOC NEWS
SBIN,"Tue, 13 Jan 2026 08:00:00 GMT","After ATM transaction hike, SBI increases IMPS transfer costs: Details inside - India TV News","After ATM transaction hike, SBI increases IMPS transfer costs: Details inside  India TV News",https://news.google.com/rss/articles/CBMi4gFBVV95cUxQaXJpeWVRSWFoOGRrcGlyQkxEcEdCOVl1ZE94Z0tsLU9yeWhyYmFyNXRDVm9oZ3Atd09KdE5WYTdJMGotcFJ1UFA1aGNRNEVjcGxWZE42Q3pkdnpwVWlNZmUxWGNTZ2Jmb2xQcDRvdDZxcUpLeVNhSkhqQ1ZxMEZvWUxrVnFjS2xVQWN0MzVCUGE2eU5xSmVPNDhCQjEwZHBrb1NSYzI1ZnRCQkU3cV9fS2RiN0I3UnRfYk5sZXR4dmZtY3o0RndiWkc5MXFzc0N6NE1RRzRBeHQ1N253R0VCbGxR0gHnAUFVX3lxTFBjWVMycHJCUXB5VGRSLXdfWU1fbzd5dUlpb25XSlVrT3hZMllHWXVJMUpJRUdqNWRERFl3Q3pOZjJvX3dmZG1EUHk1X3RXbWNSR2xFLTFGRElONHBsTGljWG4xTFFBV2J4RlBPZS1CRjEyX3MwSzhkU0VGUlFHek5jREdfampvRm02V3RVTE5jd3N4VE0xVHNLUnNHVXZVa25GVTc0cnZyd2htdi1ITHpCbjVYYlhMVHZUWHlfWUtlRUhIX052NWNKM3RfOXNfXzZYT0pVNTdLRk9oZkFOS2FfenVkc0FLcw?oc=5&hl=en-US&gl=US&ceid=US:en,India TV News
SBIN,"Tue, 27 Jan 2026 04:21:02 GMT",Bank strike today: Is SBI open or closed on January 27? Check details | India News - Hindustan Times,Bank strike today: Is SBI open or closed on January 27? Check details | India News  Hindustan Times,https://news.google.com/rss/articles/CBMiygFBVV95cUxPREpwRFVnZ2l3akVhSjJLY3plOFdPd0RtYVgyV3BSTEJLYnhRU1BRdzdNd0hlQk9xWWZNeFJ2Q0h6ZlBycjZZbTFlQUpsRVN6djhWN0NTRzJWTTh2ZGhVRmI5TmMtVFo1TmxkemJwWVQwLVFIWnNua1BndkUwSXVveDZRdFVOMVNjQ2Jtd2JhaEcyd08za3hLZi1RYnZfdkZrdDJoVWg3YkZPcjFJdUI1ek5XekYzMDM1X3pFdmpWZ3FPaF9xMWhWaHlR0gHPAUFVX3lxTFBvMVlGcVkxeVhjdlFjOXJTdEVXTDRqWEdVYjhTaHh3YXhiU3dHNjlUQXItanBmOWdmLS1BanFxMlNZaERIMXZGZHhNV09kNTcwdm0xVDYzcmRtRkwzSEFjS1ZDV3Jrc2ZENTJLNS1nRjdSZkI3SWVKbG1rZHB6eFBhcjk1YVhYbmZFZTdra2pFaS1DeEpXQmZremRhRUxYakJ4cTR2aVVnMUR3eFZtMnRVR2pBS2g5d1ZBNFA4LVRhY19sSTZ2a2JLWEZJX0oybw?oc=5&hl=en-US&gl=US&ceid=US:en,Hindustan Times
SBIN,"Thu, 08 Jan 2026 08:00:00 GMT",SBI Stock Shows Bearish Technical Signals After Head & Shoulders Pattern Formation - scanx.trade,SBI Stock Shows Bearish Technical Signals After Head & Shoulders Pattern Formation  scanx.trade,https://news.google.com/rss/articles/CBMizwFBVV95cUxPRjhlOXZKVjJUNEJDUXp2R1piS2x1OGNxUkdlR1pnRFdGb0k4OHZQOEZrcFFfYmhVNGRYTTM2ZVZUX1hrRmhFSzRPczZlTXFqU1hNRUJGUlQ0OUYwT21OT1BGbGR6REtkQlJPY3VtbG9PeFpDWV9jb2xleGpfMWVQNlpnV2VwTjZvdDNRVW9OVjBiY0ZWUEUyZG9mbl9ibG9rd2hRM1o0cjJiSThEaVZ4VHRwUnlWaFd3bXVvRHpZUWtPZGotQ1RtZ0tGaTNPX00?oc=5&hl=en-US&gl=US&ceid=US:en,scanx.trade
SBIN,"Mon, 12 Jan 2026 08:00:00 GMT","SBI Increases ATM Transaction Charges at Non-SBI ATMs; New Fees Effective December 1, 2025 - scanx.trade","SBI Increases ATM Transaction Charges at Non-SBI ATMs; New Fees Effective December 1, 2025  scanx.trade",https://news.google.com/rss/articles/CBMi2gFBVV95cUxOaEZ3VkpIODVUZDBBQU9nZDUtODFiMmRlVEhlNW9EcEUwM1hKTjRnMURGY3JnRmEybmtFYzk1aVktWjlfZDZiV1RhdnoyYURra3RsVTJjVUgxcXlMcnhVbEo1YllOSUlrZF9XSjZpSzZWQ3lHSDl1WS1yeEtrbEkyRmZsajJaUzg1V1FXM0h3UFlISHQ3ZGNjQzFXbDJVSV9lRnByY0o5TEV0UFdudzJKU0t4VjI4RlJIWGY2ZFRxYTJVLXByYjlEdUtjUy1pWGt0WWYzMmMweWJUQQ?oc=5&hl=en-US&gl=US&ceid=US:en,scanx.trade
SBIN,"Fri, 16 Jan 2026 08:00:00 GMT","FinMin Amalgamates 20 RRBs into 8 Consolidated Entities in 6 States under Union Bank, PNB, SBI, BoB, Canara & Indian Bank [Read Notification] - Taxscan","FinMin Amalgamates 20 RRBs into 8 Consolidated Entities in 6 States under Union Bank, PNB, SBI, BoB, Canara & Indian Bank [Read Notification]  Taxscan",https://news.google.com/rss/articles/CBMi7wFBVV95cUxPWmVXMmlGMVVzV2xReFBGNF9tVW5DR3JSOVg4Y3NqZE5XVjRCcWZLLWthWjhIZllZaGdGN3dnUXN5NUtPOUhoR2t1QlBoeEMtTWc1ZGtRMXpVT19yR1VhVVRWOWo4b2h0UjljRmRHaU5vTk9KYWRibF9hVVc4VVBQWEQwcjA0RXUwazhFVmZHdUIxVGZnNHVqYzNkWFgtSEdBRElzWUF3Yk54Sm9QS1Zjdmc0UjdFNU1xMVdOYU42dExUbWZtM3plOGhCTnQ3TXJOUWxVdzNvcVNSV3piTEduUVBTbnNTNi1mMGJfWVlWTQ?oc=5&hl=en-US&gl=US&ceid=US:en,Taxscan
SBIN,"Sun, 18 Jan 2026 08:00:00 GMT","Market recap: Mcap of 3 of top-10 most valued firms jumps by Rs 75,855 cr; SBI, Infosys biggest winners - Times of India","Market recap: Mcap of 3 of top-10 most valued firms jumps by Rs 75,855 cr; SBI, Infosys biggest winners  Times of India",https://news.google.com/rss/articles/CBMikwJBVV95cUxQc1c4bWM5dVJUUTREXzdKNV82TmhWR2EwaW5YZ2lqTjBtaU01MkVjTGVlSlVSLVJOQ1JLVUxPZ3lBemRJbzZTZGd1dllrQ2dRcWVNbkZjb3d4a3BSWUJKNXM4WS1JZXRUOXd4N3ZrRTEwUnFOUy1KWUtOd3RCb29IOEpWYm1NaFBXem5odHRuUTB2MGkxOXlUZndhaGdsU1VBb3Bsb0V4Ul9wV2RfbFV6WHVmdzdRaHdqM1FMWFFpYzEySnpZb2RqRE1UYXJjeS03WFE4azBBUzRzMV83NlhVSjBLSjhTUktWNGJXQnhSWVgzWVNtYlo5UHhtbVZuYjJJM3habUdhQ0Y4QWxDTVNmTlRod9IBmAJBVV95cUxOODhDa2tRWVFNRjVTdjdhLWJuSmg4SVRvam1jT1FhVmZKNHdlUG15aHZXVEZPazRSYzZ5N1BYenRZVmpVZkhVWG1qVHdhaWJDc0FoODNqWnFyQmZvLUc3LWI1QTY2V3hMajB2NDdTdDhhWGgxZHAwRnJ5Ynl4amN3d0xlWXVUaVNkZ3V6M2hXZGQzYm1Jd3RVcWtkbHA1RXNlaHVWLXF1VkNrNm9tei1iSlFPaGFzUU9aUWVpdHF5Vi1QZUFuZE9ZajdhWmQ4OTFLUGQzLXpvRU5DMkMyVW5LdTNDVVVyTE1fbHZNLXNaamtFNGRBamt4SC1kZHF4NlJSQ3M5UjBmRUhqNkxEZDF5eV93X0tmVGpw?oc=5&hl=en-US&gl=US&ceid=US:en,Times of India
SBIN,"Sat, 24 Jan 2026 01:21:06 GMT",Bank holiday today: Are banks closed on 24 January for fourth Saturday? Check full RBI calendar here - Mint,Bank holiday today: Are banks closed on 24 January for fourth Saturday? Check full RBI calendar here  Mint,https://news.google.com/rss/articles/CBMijgJBVV95cUxPNVh5UmhUMGVVVEFYXzJZZy11U0sxX0FUVlJaOWwtREVycUZTWXJLZ3czZVdfcXc2bXpkNDJiVE4zbVJJckhxQ2huc0FleVpKUUM1NEFpRG9FVmNJdXdhckN5cGZyNXd2LW5YNVJCcjV1TWwzMXBCN2w5aUFvYk1hcExQQ0pNS3pna1JNdzN2ZmRhYzFscDhJU3pLZnVBQXI3NlkzN1lpZlJrQzVyYXQxczBpMldmV1hGVWVuWG5xeDdrSnNJVGM5cjN6SzBMOXFweVc1X2lEcThYZE92UjgxUW13LXQyOEt1aWJyZXNPVnN3YzFVTEtUYzZMNDhDMVFpQVdMbWhydlhueThsR2fSAZMCQVVfeXFMT2JZeENSWVdteGRwYnU3d0RCUFV1VEY0dXhpNWxZall5Z0FyQzg1Mk94TW1vbWQ3Y21CVFdjYV9FLWVWUVd2WGY1eDlYTmpIWmFTVHNvMnpGaGdzTmZoblpyaUJwNWNNblBJUDBacl9SOEFGcHpOeFhVX3M4YlkyMk1kZndqdjk1OHlGRTBOSkQxc25qa2QzLW5qWURsalktRWpjS2ZlM3BOTld0NzVraXM5X2F5Ung1N21xVExPek9ueFJIakJrYWFTemIwWUQ3b1p2SWdtYjJ4WTI3SnJYQ3F4RWE3ekdyZ09KaHBBN1cxREZ6OU5lb3FrdmNhZzBXeFp1eC02eEMya0RYMGxsSzRLQ2c?oc=5&hl=en-US&gl=US&ceid=US:en,Mint
SBIN,"Wed, 28 Jan 2026 11:20:26 GMT",State Bank of India Issuance of USD 250 Million Senior Unsecured Bond - InvestyWise,State Bank of India Issuance of USD 250 Million Senior Unsecured Bond  InvestyWise,https://news.google.com/rss/articles/CBMigwFBVV95cUxOWmRZZERBN0hpVUdnZ21iSnZaWFNNUjJoRjlFQUhsN2pPYTFlcFpwczBZTDdzaTc5UDc5N3VXUFZpcWJiX3NnMHFmT0c3a3ZIX3VCZWlhWHppXzRaZGF5NDJtTHJIZXZ4akhDYzBoMVRsMlFLd3RLa3N4dnc3UjFRSHRoWQ?oc=5&hl=en-US&gl=US&ceid=US:en,InvestyWise
SBIN,"Thu, 22 Jan 2026 13:23:08 GMT","SAIL, Bank Of India among 4 PSU stocks that hit 52-week highs & rallied up to 17% in a month - The Economic Times","SAIL, Bank Of India among 4 PSU stocks that hit 52-week highs & rallied up to 17% in a month  The Economic Times",https://news.google.com/rss/articles/CBMikgJBVV95cUxOV0hNa0h5bnN4NndvVjUyM0FXakQ5bGszYy1PU1NpejNkV1ZKYllPdE1UbENjTDljSndrWC0xbjJfNmdhTEd1MmxlUzV3cUROYXpyWlNzOGVKVW5RMVFMMEJmT0cxYU91OGp3ZGw3WkRHcWpaSHl1b0FRRmFNTlB3OW51NFRUam83OEsyR2hicTRpdW5yb0pWeGE5Q1RHT28zNV9MMDBDMDM2TVd5RG14V3lGWFB2RlM1Y25WeUFnWXVLN0RNbDFCS2FLZFlfNU5fclJ0MFhOMnFMTUpGT0R5RTlrbGo2MVllUkZOdjEyYVI4RmJMM2trT0p0S3p6R0poMElMcXg0NUI1N2hnak9scmh3?oc=5&hl=en-US&gl=US&ceid=US:en,The Economic Times
SBIN,"Fri, 23 Jan 2026 22:52:59 GMT","State Bank of India Nationwide Bank Strike Call on January 27, 2026 - InvestyWise","State Bank of India Nationwide Bank Strike Call on January 27, 2026  InvestyWise",https://news.google.com/rss/articles/CBMia0FVX3lxTFBxTTBnSWppX1p6aFVSVl9Oa3FoNUh3SWhvdzRBelNwMTVLRjJObWtFRktOYkVwVDJfdW03N3F5ZHp3YXJzU0hZdlQ0NjU0ODF3aG5EUFEwZU9pNUpjUlF4NVFVX0pFSnp0U3RR?oc=5&hl=en-US&gl=US&ceid=US:en,InvestyWise
SBIN,"Mon, 19 Jan 2026 08:00:00 GMT",India set to transition to upper middle income country by 2030: SBI Research - ddnews.gov.in,India set to transition to upper middle income country by 2030: SBI Research  ddnews.gov.in,https://news.google.com/rss/articles/CBMiowFBVV95cUxNdUdIMlhyOHNOVG8xV1lsdXZGVjVtQzBWbE1vWVZtbkxOXzJabmxSRUtxUEtFUVhkbkhCWGFPTmpSazlTOVNFamdWeWVFdnJuR0JzTnFXajN2LTRfSUhIWENROGlMWDRLNHQ3aVkzamY2OXZpWFBEa0syakVtUXhNQkp1NHdtYWs1bUlaSG54Y0lCOTJtZnI1X25VTDZmRlRjdThZ?oc=5&hl=en-US&gl=US&ceid=US:en,ddnews.gov.in
SBIN,"Wed, 21 Jan 2026 13:28:33 GMT",State Bank of India Board Meeting Scheduled to Discuss Q3FY26 Results - InvestyWise,State Bank of India Board Meeting Scheduled to Discuss Q3FY26 Results  InvestyWise,https://news.google.com/rss/articles/CBMilwFBVV95cUxQTE5zcS04Z0k3T2phNTRpSjBhN1U3Uk1wdXJwMUMyUHdfa2l1VFBZdHdrTVo1U2JWWGhGd1RxRWpFN2tpMi1ESERBYXl3bjBDSXVXMVpJVlhJVlJiMDh6cUk4V21zbXdSZ3BOdENqdlZNdVg4T3RDcEpQekdHeVV6VnFKWmZYbGZmSVh2WFBrSjljeEV6eHhF?oc=5&hl=en-US&gl=US&ceid=US:en,InvestyWise
SBIN,"Wed, 28 Jan 2026 07:00:26 GMT",Sri Lankan Tamil Refugee Entitled to Continue Service Despite Citizenship Clause: Madras High Court... - Verdictum,Sri Lankan Tamil Refugee Entitled to Continue Service Despite Citizenship Clause: Madras High Court...  Verdictum,https://news.google.com/rss/articles/CBMinwJBVV95cUxOTi1kN2xpQllFdU1HY3ZJUG5lMTB6OGtKX1llZV90UE9uNDRldFhFeU5nN1FTcDRIZGFERUc0U2FwWnhwLXRSREM5ek1BVUFuZWRYcVVfdEtzVjB2M0xONHdIWFhyd2dheFlHMkNJZGdhZ2ZWd0VpWjQxZXBZQU5lMDVSbTlCTVB1ZXF4dnZIRG1Ic3czV3JTQnlmcExJNXR3d1ZCZG1jMW5vUEVfNUsxblZxd2hUTGw1cVFMbUJua1VlY3BDNGt2STU5blBXellEbjNqaVY0SnhQU0JmUDFBNkZlSUtIMFhWVmlfQzVOaGU1T0g2NklCWThxaDJOSGF3UlVKbFMzTlUwMlJvODNkeE03T09DbDJicExtZzVIc9IBpAJBVV95cUxQdFhNTkVwZS1XQmI1U29SRkZ1cU1fTGVDSnp6dm9nbXJkX1M2bW42aV9BTUJrMm1mVUtXMzVzRDV4Vm5vN1BjSHNkT3VfbVFMS0lWNm16ODhXckpOTUpzTFl2R1g1cXg5c0VlS0pFNEItS0RTMWxSZjVQb3RJZzBOLTkyclZxdl9NbHhGNWpHQUdQT1ZrN210X2ZOUnZZbEY2ZUpyM2ZJTDhQZ1RaN01rUHpSdnc0YVlHVEhiUkVXU24zZzB5b0pJZkxiaVNkdm1LRlRPTTNNM2xuaDBLbFg3WlZXQTlqMDA4TDlYUjc1X0ZVRTQ5SEVZaXNuV00tTWhEN19EMi1zbGRESkUwemFzV0ZZMWxzU09YNXhHdUxLUDZSS3Q2?oc=5&hl=en-US&gl=US&ceid=US:en,Verdictum
SBIN,"Fri, 09 Jan 2026 08:00:00 GMT",State Bank of India Compliance Certificate for Dematerialization of Shares - InvestyWise,State Bank of India Compliance Certificate for Dematerialization of Shares  InvestyWise,https://news.google.com/rss/articles/CBMif0FVX3lxTE9WQWdhYWpmNXY4bDFMREVqTlFxRVFWS2Y4TlN5ajNrX1hMVndTS1dwdWxyS011Sm1EOHJBV3R5V1czTTNzRWVUZjkxTzNuYlhDNVRlR01DbV9lSXVpdWlCbDFuOElxazh1SjZLd1pwc0tQbGJSaUM5aV9UX01rdWM?oc=5&hl=en-US&gl=US&ceid=US:en,InvestyWise
SBIN,"Wed, 28 Jan 2026 08:00:00 GMT",SBI Clerk 2025 Result LIVE Updates: Mains Cutoff & Scorecard Download Link at sbi.bank.in - Shiksha.com,SBI Clerk 2025 Result LIVE Updates: Mains Cutoff & Scorecard Download Link at sbi.bank.in  Shiksha.com,https://news.google.com/rss/articles/CBMiqwFBVV95cUxPWU1BUC1ybU82d3hYWkpNMVUtNUU2eEhxa3pTN09UbjBFbTl2X2ZqM0lZb2hQeUpSbkNuaFRSUmlOQUpOb1JVWmtrR1NScElvd1JKOXJfckFMMWhoOXplOWxwaFNQQTZzcWRSODdMaGxDcVlHbDkxMy1JMm53MGlReGRGZ01fc25Gc2dRQXdLUkxUVTFLQzVYZ3ZHTTJ6YjQyMFdubzZJZGtTdGs?oc=5&hl=en-US&gl=US&ceid=US:en,Shiksha.com
SBIN,"Wed, 28 Jan 2026 13:03:52 GMT",MCX India among 5 financial services stocks that hit 52-week high; rally up to 17% in a month - The Economic Times,MCX India among 5 financial services stocks that hit 52-week high; rally up to 17% in a month  The Economic Times,https://news.google.com/rss/articles/CBMikAJBVV95cUxNTnZzczA2Z0xzSWxsNEdiX2dQeEJKMk9DeE1SdE5iSHBoY3g2R3lEWUoxTko1VVY3V2RRUDFGXzRrclJabHRJcjBOUXdzeHFFWkxBZ0wyYk5RcnBvd3AySVpELW9JNktCajFISzZqRmFkTy03b1QxUWo2TnV3cEtUTm80X1FoNWZid3lYLURCNm9UYVIwZ3p0a0h3WmtKZjVONGlMNllqNUJaX1B6WTNfTk9ycHlGZWcxWG1TTWFLTVk3NmFOeVlnM0FuWWpwQ0tBZG9MQ2c2dzRGXzhCYkJQVmFjb0lCRWs2SWhlTllvQUVVSnR4UjBoZzV4LS1CbnVTZHA0UWVLUXZGRzRkUWgycQ?oc=5&hl=en-US&gl=US&ceid=US:en,The Economic Times
SBIN,"Fri, 23 Jan 2026 18:19:03 GMT",SBI Q3 results FY 2026 date and time: Quarterly earnings announcement schedule out – Board meeting in February - ET Now,SBI Q3 results FY 2026 date and time: Quarterly earnings announcement schedule out – Board meeting in February  ET Now,https://news.google.com/rss/articles/CBMi8AFBVV95cUxNQkZiTl9yaVQxVy1NMmNiZjJxeHY1V09JeFhmZWJuY2NEZnp2clNIaVJGYmpWUU1NWnhTWHFwY1h6cG9NSTBqdXhMdE10LVZ5Y25wSmpzUmxUUW5aZzVnakQxaTZuaTB2MnVnMzcyS3Z2Z0kxN2R6M092S2tYRmdJVkFEWUtBR2E0M2FNUDM3azMtVXBza3lrNGFINzBYTXRETlp4SlZGRkpHUWszdjU1LXRfMGtpQXYyal9vcVFrbXFCWkFQYmNSTGoxVWJxc2czeVVUazdORHFjcGs0QnZSNXBiS3c4MTNZdzV2V0Y3R07SAfYBQVVfeXFMUFpyYUFOQkx4QS1odGFMNEFBcHdLR2RCWnJETFZiRHFkdExkYTRGZGNtZENDWlVEUE5RV09nTHFxeU1uYXJGNzltMFFLSWdFWGhDY1NKYTFKTnBIcEhFbHpqWk51TDJsQUhSWnBqemI2RG9vLVY0MUdhMURvQ0JQaDFwd1JaUExVcUEzNTdNOURiU25LQk1ZZUlaaHBkSHBuSnpUMFpJV3k3ZURZcy01amdpMEF6QUdrWWdMSEVSenZyTFdkbGpLRHQxVzZKRkdmcHpoRF95UWlkd2hfRFdDejk3Qk1VcWxtN1ViOEMzUjZCOTBDNkZn?oc=5&hl=en-US&gl=US&ceid=US:en,ET Now
SBIN,"Wed, 07 Jan 2026 08:00:00 GMT","SBI Chairman Inaugurates 11 Branches, Global Hub in Bengaluru - Whalesbook","SBI Chairman Inaugurates 11 Branches, Global Hub in Bengaluru  Whalesbook",https://news.google.com/rss/articles/CBMi1wFBVV95cUxOclhHTHpGaUxrWUxDdTRnWFhWUGpfSDFBTHBRVXA3dk9fMjVsWDVWWnhoQmo0RHc4NnczcEVlZnFUcVJmZmc3YkRVdmFDOUZqdTVfR3BfVUpaSnFDaVdsUXRGaUlHb0hkczhtcjVlY1JXb3hHUkhVR3o3ODlkaWlyaW9hU0kyQ2dKaVpWVUh4b3JQbmxHN2xZYkZ5d21xMUtuaEJlMkdBNzBiQ2JqUUt3cXRHQzRWRjlzN1dpQTFuTjl4c2tJSzM0anA4dm80ZldZc0t0WWctTQ?oc=5&hl=en-US&gl=US&ceid=US:en,Whalesbook
SBIN,"Wed, 07 Jan 2026 08:00:00 GMT","CMS Info Systems secures 10-year contract of Rs 1,000 cr from State Bank of India - Business Standard","CMS Info Systems secures 10-year contract of Rs 1,000 cr from State Bank of India  Business Standard",https://news.google.com/rss/articles/CBMi9gFBVV95cUxQdmt2RVFNbGNBSGVxZWJuckhQYzBYVlBKN3ZtN0MzZkd6ZVJpRC1BNU9nVjhoMmlBQTBlQzNhOWxHa3VDYmkwTVhGTGE4TG5CMkljVlg4Sk1HUFVseG45YlB2a0RHLWc2LXdKMUFfbFdmdmxJb2tXcFREdVFIaVNKR25DeEhRRTk0T09qOGpIOHpBS2dqZzNIdlhtSGxBcFVBd08xbkpvODllWG4wQ3g3QTRZX3F3YTRZX3Z2NWJZVnZLdkxNRm1GOU1nOGRZQnJLLURSYXAwZTFIaWMxUnpaOGloTmJpeE5sUG81MUM3dXJhQzA1anfSAfsBQVVfeXFMUENtN2tUNlAwRVl5bXpNU3gtclRDOUhfSHBtLWs1WWt0aUxELWowT09zczdjeVNuWkZkMUFpWk5GYnBsaHVrQUN4QVEwZGhJLVU2Rk5jeHlaUFlxamNoNjBoUURScWVLc2RJNmNhZEZjX2xEZDFBV0g0ckRBV3hkY0ZxX3hkVFhGQ1pOdVl0YVdLdGo2S0pQYkJCWlV6Qnh2Y0VqcURpQjZkQVYwbnV4VEZmMXpFRFFMV1Z0Y190QkZOanVlMlFLUmczLXE2WHN2MFBnaUxOcGRnZkNIcVAyMDZfdW5wNExpN2k2RGhSd2YwUGNhYTU2NHljUW8?oc=5&hl=en-US&gl=US&ceid=US:en,Business Standard
SBIN,"Mon, 12 Jan 2026 08:00:00 GMT","SBI ATM Fee Hike: Check changes for savings and salary account holders, who pays extra, who is exempt - India.Com","SBI ATM Fee Hike: Check changes for savings and salary account holders, who pays extra, who is exempt  India.Com",https://news.google.com/rss/articles/CBMi9AFBVV95cUxPcFJmUHRRcndnMUF0ODl2eWd5VjlTenhlcWd6Nm4waG9SQTZrdU4yVDMyeWhlVGpjWGMtRlBhS2tSN2FqLThDT29pZ0FyN0MwNW9BWWpILTh2MFJybVVhRkt3WHdEXy10bmlVcnNDS0ZGaWw1Zlp4aWJiMlZ5enFqekFtdE5wVjRUdFZCMkgxd3lmU1JXU3V5S2FjWjB1SG8tbFM3cmgzVDVUOC1PUE5yc2dHdG01d1d5M1RiVVlaREVYdS1vVU4xMkhmc0NEc1EwUGtPbFlNNjkzM1RMU2oySk5KYlZ4X0gtLWNDSnFKcFVCNXkt0gH6AUFVX3lxTE5tbE9IVGw0ZV9BZjBHaDdFLTlwT0toZk9ZNFdQV050d04yYk5qYjNuUDhYRVNpR0RMUm4wd0lURjhncjNpTERUYXNoaENKQUtoc0tXb1UtRlVwdV84MHhlUW5KQzYxQTFUc0VMOEV2QUppRkM4b1Q1cFhaTGN2WTBScWhIMnVibW9SQTlFaUZFU2FHR1lyQjRRbFE1bkh0LTVteWNHZHRiblZ6alZhRWJZd2V5bUJmZUhOUHRMbG9obnBIaVNSVXJDLUl6MkIyQ1daUW5zQnhTZm14bkdkaE1RS1lsOG0wcUxOMFZFUlg5dUdyOTJqU0ROWlE?oc=5&hl=en-US&gl=US&ceid=US:en,India.Com
SBIN,"Thu, 29 Jan 2026 07:40:54 GMT","SBI CBO Recruitment 2026 Application Begins: Link, Eligibility and Circle-Wise Vacancy - telegraphindia.com","SBI CBO Recruitment 2026 Application Begins: Link, Eligibility and Circle-Wise Vacancy  telegraphindia.com",https://news.google.com/rss/articles/CBMi4AFBVV95cUxQeXZTNE1Wc3EtcDFGRHRUMGY4ZjdVVUJLVVgwWW9DVFFTaGEzU3F3WHFOeU16ZEhvWl9pelQ2M3l3RGZqWWdZSHRBQXZrZTR3cGdPQWNXS0w1RHpYVHpYZDJlVlozcF9aMUk1S2YtbXdTS2lEZWNLTWZnREJ2LUt4NGRTM2FwaUpMT3l4eExQMFlaNmx4XzNxMnc0OFR1MTc3cm5Da25wVmp4UzRPX0JuSWZHc3Z2NVhVNkNReUpoSl9kREJJWnlBQkROR2hESm9GLVhpRUlHOGpmdlJnM1JFWtIB4AFBVV95cUxQeXZTNE1Wc3EtcDFGRHRUMGY4ZjdVVUJLVVgwWW9DVFFTaGEzU3F3WHFOeU16ZEhvWl9pelQ2M3l3RGZqWWdZSHRBQXZrZTR3cGdPQWNXS0w1RHpYVHpYZDJlVlozcF9aMUk1S2YtbXdTS2lEZWNLTWZnREJ2LUt4NGRTM2FwaUpMT3l4eExQMFlaNmx4XzNxMnc0OFR1MTc3cm5Da25wVmp4UzRPX0JuSWZHc3Z2NVhVNkNReUpoSl9kREJJWnlBQkROR2hESm9GLVhpRUlHOGpmdlJnM1JFWg?oc=5&hl=en-US&gl=US&ceid=US:en,telegraphindia.com
SBIN,"Sat, 10 Jan 2026 08:00:00 GMT",SBI Revises ATM Transaction Charges Across Account Types - New Rates Effective - scanx.trade,SBI Revises ATM Transaction Charges Across Account Types - New Rates Effective  scanx.trade,https://news.google.com/rss/articles/CBMiygFBVV95cUxQYnpqUHdiVXE0UE16a3RuNWFpaEdSSG0wOVVENk9TWHk1VlpwVHJka1lZLXBFVV9lZVhHY2NjWG1adTROMmpWdHBpbEpPcW93Tl92X2piSGEyb0U3emo5UHN0NjkyX2F5M3dqMXhuOGdCV3IxWnNPLThxa3htR3B1NGg4NzE0RkRiek1xSGR0YmNoX2J0N3dhMktLdHdsM2hMaEFWeG5tX2JwR0t6Z0RIVERqVF8ySFd4ZDdiel9OM0tMTmQ5RkdSMnZR?oc=5&hl=en-US&gl=US&ceid=US:en,scanx.trade
SBIN,"Fri, 23 Jan 2026 01:36:29 GMT","Bank holiday today: Are banks closed for Saraswati Puja, Basant Panchami, Netaji's birthday? Check RBI calendar - Mint","Bank holiday today: Are banks closed for Saraswati Puja, Basant Panchami, Netaji's birthday? Check RBI calendar  Mint",https://news.google.com/rss/articles/CBMijwJBVV95cUxQZ1poVVBtdWotNy1xMTNCd2c2S1ZRX2l0WG5NU3RkVjBBdTBMeWtSVmtCX0IyQl9LV21jSi0xMUcxYmlPY0hldVQ2bGlnZG83V0JOODB4ZHhPZE5UbFFBX1NVR1ZESzZiNEZoTlZWX2hnSi1vOUtYNmY2bnZfYWZsOGp2YktTdWVXeE5vaEhqaHYyMUtGemR4U3lNN19qWHFWeVYwRl9NazBlM09Dcm9RcV9uREV1Z1RmeEFIQ3dESWtfdmhtVzk2VURveWVEUVphb2ZOZnJWcGlVQUdwSnVjTkh5bnFGR1hOLWpLemRwdEVFaDVlVm4ySGJRYmFfenR2OE1PNkIyeDI1djZrQk5z0gGUAkFVX3lxTE9mZE51eDZIWkFwd0ZETlpnOVdvYVhqLXEzZjUwRWVhZC1lUHMzaWc0UHQ3NUpsTG41V0Rlc3JtSUVQRDBqYTZORzlLa1J3Zzh6MTlGemlVVGVBQ1Y1VjF0YU9sa1NvejNRVFhQZHlwSGI1bzJEVFZGT3FoUEFwUFFCZFdXTnhpSlI1UGJnVERCTTg4OXZ4VTVNZGcyMmxyd2xhOFE2dVlCOUY4cE9TSDRLZ1MyNzk2ZzBWcXk4bjZKZVlJeW1IT0dVZ29VaDZKRHdVZ1ZlekVMbGFoYS1yRVBBTlFXVTNwNWpnblg1SjN1ZWFKZnpYZXlRaXBYSkFrdlVvWmNRX2dla3ZSUUNja1J1U3hWYg?oc=5&hl=en-US&gl=US&ceid=US:en,Mint
SBIN,"Tue, 13 Jan 2026 08:00:00 GMT",Failure to Apply Clause 3(d) of RBI's Master Circular: Calcutta HC Sets Aside Wilful Defaulter Tag by SBI on Non‑Executive Director [Read Order] - Taxscan,Failure to Apply Clause 3(d) of RBI's Master Circular: Calcutta HC Sets Aside Wilful Defaulter Tag by SBI on Non‑Executive Director [Read Order]  Taxscan,https://news.google.com/rss/articles/CBMi_gFBVV95cUxOR0M2N0lQR3hfVGgwZjgyVEs0bU0zQkFfZzQ0RjIxa3RpbjVsOVU4OUhiaThjSFhjY29UanJiNjJtUzRaMDFCZU1lZlo2aWxPMG9mc1JFN29hNUYwQm11OXZWR1hXMU40SHJQeUZKNGZQU180ZGFxaWNKWnQ2X2czMzljLXBIcmJGeTZTMldHSzJpcld5akhzY1VlWUsxMFlENW8wX1NROXBJN08tVExZakVtYnNZVFYzVURnUWhwTjNqVm5JWFQ5SUROS01KaGM2Njh5aHYxNEJtUEpGU3QwM0RINU5lc0FvYWRuclFjdVg2WGJoeUFtVmsxcEJvZw?oc=5&hl=en-US&gl=US&ceid=US:en,Taxscan
SBIN,"Sun, 11 Jan 2026 08:00:00 GMT",SBI Revises ATM Charges for Non-SBI Transactions Effective December 2024 - scanx.trade,SBI Revises ATM Charges for Non-SBI Transactions Effective December 2024  scanx.trade,https://news.google.com/rss/articles/CBMixAFBVV95cUxNcFc2djVPZnZ4cXlKSzIxTGlYRTdxSVBMaFQ0TmlraFV3V0FJMlZnNkwzRzd3MXQxVUVTb3Q0VGlFREdySncwRzFZU2ZZdFI0YkxjeGhyS0JPQTZZTkMydW9RZVFTY0NaNm9xcTdtSTVVeEtUMmpUQXpfMlI1VW8xNFhrNE9ibGRLclRSSENlSnYydnZRV05pNmZMX3YxZUZxZHlpMHR6UkFNOTlNZHg2ZVpHMEpFQ3hqTUZ2NHFtNEc2UVBh?oc=5&hl=en-US&gl=US&ceid=US:en,scanx.trade
SBIN,"Fri, 16 Jan 2026 08:00:00 GMT","State Bank of India - RIL, HDFC Bank, Infosys among top holdings in JioBlackRock MF in December - The Economic Times","State Bank of India - RIL, HDFC Bank, Infosys among top holdings in JioBlackRock MF in December  The Economic Times",https://news.google.com/rss/articles/CBMi6wFBVV95cUxPRWZGTldhWlRDMnV0TFdHOFJRT29wLXdkNVZXbElNbmZucmJnSEg1T1dZTm9MbXdJY3MwRi0wRklBUkM0M2RUUHpybUN2b1ZmcXdFWjJ0QnhlVmtwd1UyZHdfbjgwRFR0RU9xUy1wRVE4T3RhaWFCOFhkWFphdkpiOHhQSVFzMG1FOXgxSmV4ZUlYTFRfbUpUSHllRVI5YkU2S3oxbGN0eDZ1LTRVRnRLWUpyeVkzMVhKNjVZV2prQmhHY29RYmZfRUxFTjJuZVlCLWJTenRjbkRNUkhFNG5SYlRxb1RoTmh0Qi1Z?oc=5&hl=en-US&gl=US&ceid=US:en,The Economic Times
SBIN,"Wed, 14 Jan 2026 07:52:30 GMT",SBI expands network with new global capability centre and 11 branches in Bengaluru - ET Edge Insights - ET Edge Insights,SBI expands network with new global capability centre and 11 branches in Bengaluru - ET Edge Insights  ET Edge Insights,https://news.google.com/rss/articles/CBMiwwFBVV95cUxNeDNWZ2stVXJzR0RHNGFmZWQ4UHA3QXFXVUlJSUtna25ySXRqRFNvc2ZvWFp1dlg2Ujd3RXlpZG5TSlRPRmMtSVJqelVRTVczWUJSWThmcURzVS1CRTRTYkstdTBXS25MeFBvSzFENzNFSGhsUXZZc2t3SzRYTk1YQXlscW9YNmJHclRmODY3aTZ3MzBXcjVXM1lzQVByNUR3LW1lQW5SSE1hUS12QmYtbU9YWTB0MTBHcUw4MG9jMWkzakHSAcgBQVVfeXFMTjN0SkdjZjROZE5BT3VKWFk1REVRNnpoSm9RWGZEel8wMXRONG5vSF9OdHJPQUN6a1dCLWJZdVg2dVFDN3RLeS1aRllSTGk0UllKQ3l3YXJSbWxYMDlNaENvZExLVEx1bVhQNlRmUm12Q1lfdzZKRW5nb0d6enc4M3RtZktSeUpRZ2xqVzJ2QTFSSmpRZ09feVptN1J0WWwzOTdBX01QeTNDRG1obEZkVWhLRTNYbzRxalM0RlctcnJ0emFsOUptanU?oc=5&hl=en-US&gl=US&ceid=US:en,ET Edge Insights
SBIN,"Mon, 12 Jan 2026 08:00:00 GMT","Banking sector bigger, but rising unsecured loans and credit concentration pose risks - The Economic Times","Banking sector bigger, but rising unsecured loans and credit concentration pose risks  The Economic Times",https://news.google.com/rss/articles/CBMigAJBVV95cUxPdmk4TUJRWFdKd3pEUXBaV0hrS214QU1hY3BxakhCMzNZUnlBMG0yQzlVaVlhNGxmbWlfdnJyMkpSNDhOX1VoSnk2ZEV2YThmNXVVTmRBa1hWS0FET0c5WVMyclJXZjF1NzI3Y1RENzJZVGZmN3RCVWZDVXN5SGIxRTlidnRzZ0FVRU5yTkJSRWQ1YVo2dWI3QkZ4bG8tSU1GYXB3Vm5tWWNrYWlmQURsQjhXempKcTJ5ZnpFNXJDWGx6bWlfSGhrd25ZbjY1bGtPV0M1UWV1NDE4NngyZXpOX2RCQ2RBTkZtX0Zpd0VKRDU5aDdvTzJtTUdFWGY5RFd00gGGAkFVX3lxTE04cEdINWN2RmYtcGJOX2tCczh5SkE2aUVTNHdKMFVzeGRjTGJkdFREM0ZBTzk0aUdMNndEOElSWnFxRHZyckQtdFdOZkFZajZobW5EOS1vQ0RzQ2ctUUViQXJiWDRFaUtmMHdobnZPOUNIbkF4ZEcyejBiM2QzR19Td2g3V1g1Yzg5MGY3bUVCS2dhVmZJVzgzVi1uWi1IcTRxS29WN1YyRU1lTHpzb3dXeldhekxNVmlncEJ5ekw0aW1zZmVKdmhUbzhIZDlhZ1pHRkpmRk9BQUZCekxiQXBqVWNkSnVhNTR2VFk4SDdMNHdsZFV3aTBmRFpmcW02QVAzZ0x6amc?oc=5&hl=en-US&gl=US&ceid=US:en,The Economic Times
SBIN,"Fri, 23 Jan 2026 08:00:00 GMT",SBIN Outlook for the Week - Equitypandit,SBIN Outlook for the Week  Equitypandit,https://news.google.com/rss/articles/CBMiZkFVX3lxTE5RQjVNcXM1Mmp0d0NaT1NMUWh5S1ByaDdEeGlQQkd5TzgwbkpwNTUyOVRZRnVaVHBhSkZYU1VDQmhZLUJ4TkZJNU1SbUFRSTgyUHFQMjBSbzJlUEtvTGptM29QNEdMZw?oc=5&hl=en-US&gl=US&ceid=US:en,Equitypandit
SBIN,"Tue, 27 Jan 2026 17:30:24 GMT",SBIN.NS Stock Today: January 27 SBI Briefly Tops ICICI in Market Cap - Meyka,SBIN.NS Stock Today: January 27 SBI Briefly Tops ICICI in Market Cap  Meyka,https://news.google.com/rss/articles/CBMimwFBVV95cUxQelBPMjJXSGwxOTFXb2NwaURBSHhibFBIbUZpdnBaVlBidHpjdzRzakkzQkJHekpycDZ1Mjl4VzNpMmFkaXdON1l6a0VPd2s0dnEyZWtuTG1FMVRVSlR6YlRMMlVWODAwaXdxRjFZU19nUnRUVk1COE1odmRzZktTcjU4TlNjMEVobmRycllaMzZiTnNJSGw1SmNnVQ?oc=5&hl=en-US&gl=US&ceid=US:en,Meyka
SBIN,"Wed, 14 Jan 2026 08:00:00 GMT","Analyst Flags 3 Stocks for Gains as Nifty, Bank Nifty Consolidate - Whalesbook","Analyst Flags 3 Stocks for Gains as Nifty, Bank Nifty Consolidate  Whalesbook",https://news.google.com/rss/articles/CBMi5wFBVV95cUxOMV9qRmIzM3Y5X3o4VUpVN2lpTUtEZWlsWG8zMlBBOXZXUWhjWURzeDRfUFJoUFEtaThZTGVKLVNXRkFpMXFWaUtYaXQzV2NvOGNzRDZ4ZEdmV1I4bks3MXhnWE9rUThrSTZiYlhCTnp3Y3VNVDIzRmZQNVNrN0lGb09CNWREd2I4LTBxcXFNMEhTQVBXaUJfZDZyaWJsdWpRRzhWRmpsUGEwcGd6andaNEJEVWF6NGZ3YW1lS0pCc29QT1Y4ZTN1QXBFMG50MlJ2Sk81ZnRibzNra0p2SWVPSzBCWnBIamM?oc=5&hl=en-US&gl=US&ceid=US:en,Whalesbook
SBIN,"Tue, 06 Jan 2026 08:00:00 GMT","YES Bank, IndusInd Bank, SBI, BOB & more: Check latest targets after Q3 biz updates - Business Today","YES Bank, IndusInd Bank, SBI, BOB & more: Check latest targets after Q3 biz updates  Business Today",https://news.google.com/rss/articles/CBMi3gFBVV95cUxPNXpKd2c1MFhrVWUzcUpfTnB3cHU4bFdpRUVMQ2JZbWs3d1kzTGh6THl1LU5xaDRTSTltWTRMSUVjV2lyLThSb3FzcXRLWWJUbG9fN2pubEZGdnJFYzg5RFdwWkp3ckxaS25WMHpKMzdST1dmVjBCUnI4VWxmQTRUeHhDSk84clJLbkdRMHZ3ZWRfbVl6bFd3UEx1UG1wbEJrMm9TUXVJXzdWRlQ1ZU1hTmg0VjY3SXVmcXFtd1U4YTdjNlJjZE5yWExrVHhhZnlWOHJmTlNmM05HeFVlZVHSAeMBQVVfeXFMTVlkSTZhNTFhOGhaUFViY09xWlM5NEg1dHpicVRpdExvSmg1X3EwR0hpTDYwbFp5a01Nc3IxejcxclNaa0VfTFF3QXlpTW1FblljSXhXVlVkX2lXWk5oTlh2X3lNT3A0c012VmR1S3VJVDY2M0pQb29UM1VVc1hMZzVqb2dabG5PQVdVWEpEd3RlTnktazV6OEU5TTdBbERocFdOeHo3cHB4VXV2NENqcmYzNDlCcFJaWkktR2RFeEpLYzZxbmdVNEU4YW5OQ0d1cjdnamZkajF2Z20tWERhRmdqUlE?oc=5&hl=en-US&gl=US&ceid=US:en,Business Today
SBIN,"Tue, 27 Jan 2026 05:37:30 GMT",SBI shares climb nearly 2% after govt extends MD’s tenure by two years - Upstox,SBI shares climb nearly 2% after govt extends MD’s tenure by two years  Upstox,https://news.google.com/rss/articles/CBMixwFBVV95cUxPZG1HLU1DRXVNUXIzWWpmb3NZMG1yTS1qNmRoWjhOZFVSRndVRjREcklscHZzbThmc0NSMU1xNG1TM1VDbFprLWpyUmgxOGVhaGV6TzQ4SUlrM3BicGx3T1RnTWJkX2I4Y3JWM2VXWWFoUHBxVTUtTzd1RWtwR21WdUF5Z0I3YjJEelNZeFBPcEIwbkJuYWRsTlNaRHl5RnBhdGctX3l2ekJYcmhNbnVUTVBVekJlQlVlZnhZeXhBSUY3SDVzb2JN?oc=5&hl=en-US&gl=US&ceid=US:en,Upstox
SBIN,"Thu, 01 Jan 2026 17:04:28 GMT",SBIN.NS Stock Today: Elara Warns on NIMs; Watch Q3 Trends — January 01 - Meyka,SBIN.NS Stock Today: Elara Warns on NIMs; Watch Q3 Trends — January 01  Meyka,https://news.google.com/rss/articles/CBMimgFBVV95cUxNN0hOVms5UXBaRFduZUpiZnN1cjRWeV84TnVnM25HN2hnWHlWN1VzcnNXaVVYY3kzdUw0cW5oNEFjN3dRSVFKQ0RoT2hJZHRReXJjQ1BhMlIxdjBUanN2RUNraHVOeC1VeVJXekt2Ukw2U2w3UmpvYTJPZjFVdi1tRUhTM2l1akp1MFk2T0k1VkR2ZlZOM05vcWpn?oc=5&hl=en-US&gl=US&ceid=US:en,Meyka
SBIN,"Mon, 12 Jan 2026 08:00:00 GMT","SBI, ICICI funds said to lead bids in oversubscribed Indian drugmaker Biocon sale - Yahoo Finance Singapore","SBI, ICICI funds said to lead bids in oversubscribed Indian drugmaker Biocon sale  Yahoo Finance Singapore",https://news.google.com/rss/articles/CBMif0FVX3lxTFB1M0NnV3NUNkpBekcya24zTnVxbWJlT1pFdDdiUUtDaDZBSi1GR3Z3UkdWMVhyamMzYUhXaTE4T1MwMXg3UVlaOE9SUnF0cEl2ejROQ0hVM2QyN1RVQlFaUTJKUGdTcGpwaWpjcHF5MzlLMldRNE90REZZSGMyR2s?oc=5&hl=en-US&gl=US&ceid=US:en,Yahoo Finance Singapore
SBIN,"Tue, 20 Jan 2026 03:59:21 GMT","Market Opening Bell: Sensex opens in red, Nifty above 25,550 amid persistent selling by FIIs - India TV News","Market Opening Bell: Sensex opens in red, Nifty above 25,550 amid persistent selling by FIIs  India TV News",https://news.google.com/rss/articles/CBMiogJBVV95cUxNdFBrTXZSbTdHdnVad3V5OXlqazhnR1JyXzcyeFRIZy14Zi1DSTc0aEwzWlpfSEJ6UjdiaEdTclluWGJFUVpNXzhndkJNYWVFV3lVM0ZTSy0wbElMTE1MX2xqdGl2RWFkbGdlVnFKeWNxdWN1bV91ZTdjeGdPYzBUeE1pSW5BQXE2emNuZlVNOFVzdlNsX2tHZF9GNkFrbUFRWUY2cWVSdHNWbEhaUUtXWmpvb0hOQ05DRmtuMkNpa2hmYzRIZHJnNVh0eGJKbUVydmF3TWNSOWpEMmpoMXB4dV9aR1VZT2NqbHpJSE9Dd2dUdFlHdUJYcmpFWE9rNnZRNVgtT1ZJQk1jZGpJOE5VQXF1TWEyS1Q3TWdNdDB1R1g4d9IBpwJBVV95cUxOQTR5bTRfZVdMVmpqWFlnOWRMNEFCWmZ2RXFvZXMtU0RjeDlfbldmN3g3Qm5KRUJlUmlFX3JJbVR1cVJodFZwN1UzbEhRTzZ0Y0JKa1BZYmJlUDVpcHMyalB6NU52Y3BiNnBJb3VUWkpQbTkwT0VLQkdOOG9TbkVma2o5ckNWQVoyOU5NX0RCbnJfYXltTXo2S3dCY25PQk9Qb3hJUHVTSDdsV2pmTkg0NGFuc0VWd2d5dXZFUlBnLWJ4TG1HNXZ2dEZRZE90Q3U0Mnk2bFB0Uk1zQUdobGdTeG4yaU9jR3RpdUlsbXFtSTZJU1lMbW5GeXg0aTlPZzdabDFrS1hqbV92N1U5S0NIRXZjOGJDVGxfNXI3Vlp0Tks1NmdLQy1J?oc=5&hl=en-US&gl=US&ceid=US:en,India TV News
SBIN,"Wed, 28 Jan 2026 02:14:17 GMT","Stocks to buy today: SBI, JSW Steel among top bets; check target price - Business Standard","Stocks to buy today: SBI, JSW Steel among top bets; check target price  Business Standard",https://news.google.com/rss/articles/CBMizwFBVV95cUxOUkVmYXNiOGxja3lDeHREdkJ1N0Q5LXFGWWliMDU2RlRuekVmV3V1cWRWRWs2Wkh6MTM4c1RqMGZOZWxKQXoyRVpIQWhWTGY0YW1PQXAtVmdwX1JoOHpMZ2RISm9VSW84VmNpbE5KaGU2bS1XNTRqS2ZRM1ZzSHg4QWRVbVRKdE1nSTdBdHY2YXpFUmVmOGlDQnUzMmI4d2dINkN6ZFpGclVYalBlRVllY0ZrTWNLSDJMNFhPRDVIckhrbE1sanlBRWxoX2tYMlXSAdQBQVVfeXFMTlBlc21IZ2x4bGhSLWdZc045UFhMc25uMHRLYXBhZ2JhMHRVTW5RYjlhWXhHSTBQdnZ2LUwtaHdicGVoOVhXaTF4Wkl6ZWV2VkZ0RlF1a0RveFhyYUxodjgzUVM0WnJtV1p4TnJsWXhwejlNMmViUWFRYngxWlF0XzBkQTc2RkV4WkMydEF5WXlTUUY4S2o5TnZTMXJVSjdlcmVQS0g5YVRLeUZsOHQ4WEhWNDhKMVJJV29QVk5QVW0wVTF5bnpDMXozQkp4QmphX2lkNEc?oc=5&hl=en-US&gl=US&ceid=US:en,Business Standard
SBIN,"Tue, 13 Jan 2026 08:00:00 GMT",Key facts: SBI Gains Attention for Credit Growth; Macquarie Recommends Shift - TradingView,Key facts: SBI Gains Attention for Credit Growth; Macquarie Recommends Shift  TradingView,https://news.google.com/rss/articles/CBMi0gFBVV95cUxNMVBFQlJWVjVNcHdDVWhFZkwtTDAxb2Z5b3E3OFdKSzlCakFyQUIxSkFuTjZPdlBsOEpVM25aYUpBeERvMV9zVllUTVl4X1Z4N19sb1JSREdQLVJ6V2JhM3ZnNnNYZFVzZVpDdEpzM3dLS1R1azZ5OW92eUpFNDZFMlFnQ0d2WlllMlJNNWladXRWa2dmbmt5Y3hhSEVpREFVNVRqSjFfeFVPLURMYklta05OSFpMZy1PY3FfWTlqa090MkMtYmN2LXBGWHZiMmdHUGc?oc=5&hl=en-US&gl=US&ceid=US:en,TradingView
SBIN,"Fri, 09 Jan 2026 08:00:00 GMT",SBI Stock Shows Bearish Signs After Head & Shoulders Pattern Formation; Check the details - Trade Brains,SBI Stock Shows Bearish Signs After Head & Shoulders Pattern Formation; Check the details  Trade Brains,https://news.google.com/rss/articles/CBMirwFBVV95cUxNMkFZV19tTl9LNldJUXFiY3dVWXI3SG93T2ZGaEtwNVJJcHpKbWQ3cmRTREt0blJYOHVESjdvenFPUjJ1eUxueXlSRXBUdTBmVDVRYlNPRGFjSFFyekFmV3RUWkhRQVZHNWdaazNVaGZ6TTFlRUh4alJLaVhSb21Ga05BZWlLNXlmeGdqbjYtMGs0eDFSMFFLT0ZrMDdOSFZGNHR3MlE4MTBYeVdxUzRN?oc=5&hl=en-US&gl=US&ceid=US:en,Trade Brains
SBIN,"Fri, 23 Jan 2026 09:56:28 GMT",SBIN.NS Stock Today: January 23 at Record Highs; Q3 Preview Lifts Buy Calls - Meyka,SBIN.NS Stock Today: January 23 at Record Highs; Q3 Preview Lifts Buy Calls  Meyka,https://news.google.com/rss/articles/CBMiowFBVV95cUxQVm9kVkhGakxUZFRDdmRwb202d0FhVzAzcEdCSU1HMGptRWFfNnNzT05mRnBqeFltMUJreTk5QXRLSnZjY1QtanVoejkwd2ptc0JMQ0NIUWpzTHZuQWJYT3ptYnFTNjdYUDlWRGFfMEJJb2t2OEJEQ3ZzcWVOMklSNl9QSkRPYlpWOEc0aVVkazQyYk5yYTRWOW1kWWJtZUYwNTln?oc=5&hl=en-US&gl=US&ceid=US:en,Meyka
SBIN,"Mon, 05 Jan 2026 08:00:00 GMT","Market Opening Bell: Sensex sheds 121 points, Nifty above 26,330, BEL among top gainers - India TV News","Market Opening Bell: Sensex sheds 121 points, Nifty above 26,330, BEL among top gainers  India TV News",https://news.google.com/rss/articles/CBMijAJBVV95cUxQOWM5MXA2VXRaRkxkMWxZanBFUk5YQW9aMXlxMlNiUERaRE9NWVdMSVRDb2cybHVsY2lEMlZKcTZlTGQ2alVKMHN1eE1TN2cwTVI4NEplT1pwYjN4S0lnai1kN2ZRQVpfVXRsTEQ0Z3hDR0pPTFZyWE43bHBNQlVNSTFjZDZNUi0zLS1HcVlFZUlnWnpoOS1adVhUbWpzekNUWUtpSU5XVVBaOWRkTGNfMEFvWTgyTzY0S2tSaC1pcHRTRmZIajFMM2NzNWhBdDhXRm5Nb3J6YXoyZzBtVE0ydzVFcnRVYUZGZ0ppVEJHdGNTVDhOc2dVQVdsay05MWVDb3RhVU9Ic0VWM0xa0gGSAkFVX3lxTE13bE8xUzZvdDJBb2ZZQ0tXZFFzOXNDX3hJN2hkMkJXS1RKY1ZwOUVpNEVtWmtMMmhPdk5JNUlEMHJBNmNzM24wMmtJU2dHX1ZNVUxweWdSZDhmWGtoeXU4UzVHMms0anlCcTBrOWh6Rnc2ZkhpUnBvUmswVVlGZ3hhbDRaZ2w4YTFKbkFSQ0hYU2RZNU1KRk5IUGdpc1hIT2hraUlLaWJpZ1ZybnBoWG9zNFdvOXNodWtVQjFLQTVkX2VSXzZHSXVET0pONFVRTUlZWWdlbW16VDhEVlNSdmlwdm5DUG5nZGlrWE9iVVNHQkZTYzNQcXF2OHhRSFJRRVk4X2FFV0Jha3RVNU5VYm1NMWc?oc=5&hl=en-US&gl=US&ceid=US:en,India TV News
SBIN,"Wed, 28 Jan 2026 07:33:00 GMT",State Bank Of India Says Ashwini Kumar Tewari Has Assumed Charge Of Post Of Managing Director - TradingView,State Bank Of India Says Ashwini Kumar Tewari Has Assumed Charge Of Post Of Managing Director  TradingView,https://news.google.com/rss/articles/CBMi9gFBVV95cUxQUV9MeWpjOThDUndJeU5TT1FVSlIzMEFTbGJvMk5GcUpMdk1vWGJaU0QxX2FwQkpySTYxbXF4OVNIMFl4Y1lMZ3V4ajY0eXN2ckZES0NJNmY4dzVRcGhISDY4VmRpS3VKbUx0LWdJZWxuc0NSVGZ2bzg1NGdrSEZuc1hxTTgyWVZxdTh4ZUtybGxHQjZmMWFnR0pzcG5EOXcySHNhUE52V05DeUdJZmF5enRqa2p1NGh4YzZBZEFmeW8za2RoLWxZajlzMi1GdDdBOWRuQUw3QXZweDczNmNLQ203VEY3a0RYT05MZE1hZUlkeFFVQkE?oc=5&hl=en-US&gl=US&ceid=US:en,TradingView
SBIN,"Mon, 05 Jan 2026 16:13:11 GMT",SBI CEO: Ripple Now Major Profit Pillar - TradingView,SBI CEO: Ripple Now Major Profit Pillar  TradingView,https://news.google.com/rss/articles/CBMinAFBVV95cUxPZHRTYmhBcFBtVnNGeWZ4ajJ4YWxZWGFTZ2EydHlFY0Vac2VCUTNieTdZRXhzQ1ltd1BBNjItMS1tMHRRSTMxRU9vMnJVSlc2SXNwVGVGWWFyUkFMeF9zaDVZZlkwVUVYeHhyNEtGSjlaOHBwVUMzZGJPelZqSVRXeEI4S0YyaU9odHAtYm56VUVDZTB4bFlKbGRjUjE?oc=5&hl=en-US&gl=US&ceid=US:en,TradingView
SBIN,"Thu, 22 Jan 2026 03:53:49 GMT","Market Opening Bell: Sensex surges 550 points, Nifty near 25,300 as Trump calls off Greenland-related tariffs - India TV News","Market Opening Bell: Sensex surges 550 points, Nifty near 25,300 as Trump calls off Greenland-related tariffs  India TV News",https://news.google.com/rss/articles/CBMijwJBVV95cUxPTVJvVWdSV2I3aDg3UDJJdk43V3RoQTFObmhiek1aNVBDTUxyajNNOXZYY1FXY2pkeEQySVU1VnhaODJlaXUwX21RU204UXJ0aUpjYlhLOVVQSTN5WWNVODBTZFRYSFpNNTNyc0dUWUZWOTFOVzZlR2o3UGhiZVluLXpiT2JQaWRqLTFSWUxpb3VUS2hRUkxSODJWRi1ER2pPUlNZQ2JsckZqVDRuUWJBeDdmRThjQkpmOFJrQ09Ha3JXUF9sOTZvQ2gyb1JOTFREdU5rTTdIRldJdnV0RWJ0dFlwRURpQXNlWEFRcFd6TFRSVnRVeVc4OV85ckxzUWFILXkySU9ZenZRejJXNGVF0gGUAkFVX3lxTE9Kd1R2Tkgyb2Jnbm45WFFFX1puMWppZGF4bkpDUi1wbnV0WV9DRWZYVFY4cjVqNndvSWduMDhOZk4yaFppWWFkdnl3NzdwUGxNN180WXlxU1BMWDdaYXNWemFmX2VacVQ1NkF2alBhOVBrLUtVekR4TEZWbVlhcDZpcVRqemJpcGs0Zi14SWVNREdUSzFra2lEQ2JEZ2RZSU80Q0RaRnNDWDUyc3NCSVBXSGVCZzlWN2RVVDJreUdxWGV6cUtTOUtXVmpVbzBMa2l1Rk9PNWV4Vm1HSFUyd0Q4YkxOdFpyWEFUX1BES3RWYTBZR2JQUXREZG9tdG4wSktJMTNWNzNJVWxqUWlUTUk0TXowbg?oc=5&hl=en-US&gl=US&ceid=US:en,India TV News
SBIN,"Wed, 31 Dec 2025 08:00:00 GMT",Kemenperin trains skilled industrial workers - Independent Observer,Kemenperin trains skilled industrial workers  Independent Observer,https://news.google.com/rss/articles/CBMid0FVX3lxTE8xX2hwS1h3Z21BTk92SjNUampEU29YZnRYTEtfcGliWTFFZ0hUcnJjeXA0T0FNUTZIUXJvbWM3YWVkbFVOOEhMOUxGb2liSHd2eG9lYU92VzQ5UlB2dFpfOFZEUDVRNjlRTG1uNjRLOExiNjdUWHdn?oc=5&hl=en-US&gl=US&ceid=US:en,Independent Observer
SBIN,"Thu, 22 Jan 2026 08:37:58 GMT","SBI Shares Rally 3%, Hit All-Time High: What’s Driving the PSB Giant? - Meyka","SBI Shares Rally 3%, Hit All-Time High: What’s Driving the PSB Giant?  Meyka",https://news.google.com/rss/articles/CBMimAFBVV95cUxQZHh3Zm5mQm96V1FFNGNpbFFsZXliQWVuWEFoRkRzVDRYczJQcGdzVll6UG1KakFYSW9DbU9wWG9FVmpHLVR1aWhTYTUtWW1tT1N2a0dhMENoaWRZY3FnenUtRUFKdlpDaUxkNDFZeGxMRm9fUktibWxzcFFPSlFOVXpLRWlNR1BXbTN2N2JLME1Yb3FJbnc2SQ?oc=5&hl=en-US&gl=US&ceid=US:en,Meyka
SBIN,"Mon, 26 Jan 2026 06:44:00 GMT",Japan Plans to List First Set of Spot Crypto ETFs as Early as 2028 – Nikkei - TradingView,Japan Plans to List First Set of Spot Crypto ETFs as Early as 2028 – Nikkei  TradingView,https://news.google.com/rss/articles/CBMizwFBVV95cUxOeC12ZWd5cGFwRnc1d2hKU1VUZWxPQThzZ2FLZG5UNTFyTDNhaW1IYjRlWEV4WW5EMk9BNXJKZ1k2ZnBEQno3TWQxX1BDdU4ybjRTZDNmRGtUT3FCdnJab3FpSlJUNTN0amU5S2RWaEg2T3lVT1VHN1N5cGJOWFJaaDNCRGFiTTJJQjFfXzk2bV9PYmVuS0R6NU10dHJxRHZlYk8wVktIeV9HMTFGVHFwUlFWVms2WGxiQXRZQTdtVVVyV2F4VmJPOVVDdzMya2c?oc=5&hl=en-US&gl=US&ceid=US:en,TradingView
SBIN,"Tue, 06 Jan 2026 08:00:00 GMT","India stock market today: Nifty slips again as Reliance tumbles; CPI, TCS earnings in focus - TechStock²","India stock market today: Nifty slips again as Reliance tumbles; CPI, TCS earnings in focus  TechStock²",https://news.google.com/rss/articles/CBMirgFBVV95cUxNNGJkcHc1M1pJdjhESU9KR2NCYmZ0Y2VQQld2WTFTcld0eWgzZlR6MEc1QzAxOTh6bnlkdVJTQy1tRnR6clllUDZhcEN5eFJyRmlUQkhITXF6d25FZGgzQk9WOF9LbW9JdEc3eXJWWUppd0hGNTZoeGNoQXJaT2NQTlhDbDVCbW9fWmFzLUhveHg0SnlGY2x6ZzFmZFR5eEwzbzlPOG9rNHFQR0NWVUE?oc=5&hl=en-US&gl=US&ceid=US:en,TechStock²
SBIN,"Sat, 17 Jan 2026 08:00:00 GMT","Bank holiday today (Jan 17, 2026): Are banks open in India? Tamil Nadu shut for Uzhavar Thirunal - TechStock²","Bank holiday today (Jan 17, 2026): Are banks open in India? Tamil Nadu shut for Uzhavar Thirunal  TechStock²",https://news.google.com/rss/articles/CBMisgFBVV95cUxQSHcxcWhHVlFBa1hmaFB2U0pOS0JVdE81Nk4zT2RtbXh6TlhIcHdER2NWRW5XTm8wWVNHc2JIemdSaktTdEprOFhIaFdPTEpTVFBHUGpXQWxON3owN3FSUGxSeG9Fa3ZGeFllZmt2b1hSbXZOM085allYVnR6aXNXUWlxOVdoeFJlOVpYZmdZbGdxS0pySmJmR1BTSlU5WHE5U3YwX2cybHgwemIwVmkxcnNn?oc=5&hl=en-US&gl=US&ceid=US:en,TechStock²
SBIN,"Tue, 20 Jan 2026 10:39:19 GMT","Indian stocks sink again—Airtel, Infosys, SBI lead new “stocks to buy for long term” lists - TechStock²","Indian stocks sink again—Airtel, Infosys, SBI lead new “stocks to buy for long term” lists  TechStock²",https://news.google.com/rss/articles/CBMiqwFBVV95cUxPRTM5R2ZTTFpmMDhoYW9hX1ZnVHZ5RXdxM2tvRncxa3FhZkN0V2U0anRhd2o1RTJNU3VOamtUV1l0VDJJc3pzb0FySHFoNXBjZ0NXNHo1MFBDdldCTXFGQkVPU1oweE03Ymd1MjlyZUNqNXBXZUNuSHVZWVlDZGRQcG9KLUZiaW1FRGx5dWk3SlAwLTQxemZFVWFDemlrMEI5N1VnTHN4YlVJcm8?oc=5&hl=en-US&gl=US&ceid=US:en,TechStock²
SBIN,"Fri, 02 Jan 2026 08:00:00 GMT",India opens NPS pension funds to banks as new fee slabs start April 2026 - TechStock²,India opens NPS pension funds to banks as new fee slabs start April 2026  TechStock²,https://news.google.com/rss/articles/CBMimAFBVV95cUxQeTlpSkNRWHkzMklVUGxFekxOWFZfV2d1R3FpUjZpU3JyUThEQk9Rc0RCazBOenc5UUdVMVZFMnh3a2pLc0JiYUxKalBjak5nWXlLUXFZODR1UTlpWW1kb2lLZGM2VUY1ZU5qaTR1QkxUYlBrQ3VETE9RNm83b1dsdHZHeVpLeTJid19KeFhPSG5EYUN6eEg3Vw?oc=5&hl=en-US&gl=US&ceid=US:en,TechStock²
SBIN,"Mon, 05 Jan 2026 08:00:00 GMT",India bank stocks jump up to 8% as CSB Bank hits record high on Q3 update - TechStock²,India bank stocks jump up to 8% as CSB Bank hits record high on Q3 update  TechStock²,https://news.google.com/rss/articles/CBMimAFBVV95cUxNdmJwb0xqWWd0Y1g0bGotRXVqaWxQNGdEd2gzX1pRaWFUb3hvRFdQcjBtRl9rRkRHYUZJV2ZmTVRzNnR3SENnLW5pZThsdkJRajdSRUZkSXYxMWFpa0hCVDBjNkg2UWs1ZU5GU1NuZHVob2xzR204X29NY1NCSTFEZ19yMlcySVpScF9wVHhiYTRpX2NJT3Q4LQ?oc=5&hl=en-US&gl=US&ceid=US:en,TechStock²
SBIN,"Thu, 22 Jan 2026 13:29:33 GMT",Critical Vivotek Vulnerability Allows Remote Users to Inject Arbitrary Code - CybersecurityNews,Critical Vivotek Vulnerability Allows Remote Users to Inject Arbitrary Code  CybersecurityNews,https://news.google.com/rss/articles/CBMiYkFVX3lxTFA0alpfeExmZGlLblZfOERfNGt6LWs4bEpmRW9LNnJqZk1mMGZ1RVRuc0JBbHFsdS1KUHZZX1NjdW4wTHFDdjhWdF82NGdEN2pndjdHOXdXbHM2UjdkWW9PdEJR0gFnQVVfeXFMUEFvLWdTbmlETS1tV3dGNURJNkJOUnRINGRpRGx2MHNmYVJ2S3piQk1INUNqSDU4aDlOU0U1empPN29McFdKLTR4emR5ZE42OTNrRXk0NzNwUHpFNjc1M0xwU0NLaVM0Zw?oc=5&hl=en-US&gl=US&ceid=US:en,CybersecurityNews
SBIN,"Tue, 27 Jan 2026 04:37:54 GMT","SBI Share Price Today, January 27: Stocks of State Bank of India Open in Green in Early Trade, Check Latest - LatestLY","SBI Share Price Today, January 27: Stocks of State Bank of India Open in Green in Early Trade, Check Latest  LatestLY",https://news.google.com/rss/articles/CBMigwJBVV95cUxQVVp0b3pGU3Z4VGduUmoxWDZQRUIzcklpVjZrNm1zYnR2Rk5xclhGczlIMXlESWZVWnRPNl9Qa3pXQjNnUVhVSURWRl9oQkVYc2N3MWpUU012UlF6cUZ3aTJCb280MWswSEJlYTdpMGZMdGZINUYyd1RqdGJKX3JIZmVwd3VnWVhURy1kS2JWMjlFSTA0Tm1vamFTdlVOMy1GU2hkRVFDSUhzdDQxbUtPZS1QYnJKc0JTZFJ3ODRUWFBmSklxTXNRY0xPUlRqY19wRXlCSEZna09DOWVmcXF0eW5Ja1pfRW16UzR2cllvR00zZGZYbXF5Uk1zNGppZ2JUVnZV0gGIAkFVX3lxTFAzSU1vMEp2UFhub3c0VDhjQzVQblhKRHdsbXh6Y1JBTFlydm5CNV9mcWl2NGZqR0lSbFFENEN2OUt6QjRjNmZKcVQ3alBqWnZ2cjlPVFZLNlg3WkFvM3U2dEJLM2hhWHdleG1JWlRfNHVGeXpCOFpnOXlYZUx5cGFRNmpWNHliMDB4aVcyRGpBc0xDZ1BSVjBOS3ZLRHE5MG4tc01oNWU4TzV2NHpSV3pKclJzMG9VN3FJUWJNd3diNU92SktZc2FQaVpENXZwUnRScURfVWhDY0N5cC1NYlQzSGg4Y3J6MURvSk1Td3BLYUtrSjlyUi1Oa3ZmS3lCcWVINWhjcVpJQQ?oc=5&hl=en-US&gl=US&ceid=US:en,LatestLY
